frame 300
p 1
-0.143043843 -0.092284490 -0.041186359
-0.080019124 -0.068171562 0.384609634
-0.085892144 -0.061685391 0.734531969
0.024593826 0.157369143 0.750356565
0.058398883 0.166660364 0.367249501
-0.003956608 0.191496204 -0.049957512
0.008884201 -0.169837228 0.790935900
-0.087618294 -0.208874293 1.005844842
-0.119615581 -0.114840591 1.288580081
-0.092620844 0.225735410 1.280025432
-0.070612343 0.253858954 1.001317413
0.050673340 0.186290300 0.828517371
-0.061609992 0.060926130 1.420322586
0.012730528 0.055469213 1.608273490
p 3
1.384717668 -0.587581941 -0.012927140
1.355327659 -0.513132710 0.364381855
1.270228523 -0.416103558 0.812520210
1.107003084 -0.578903177 0.811511908
1.032802644 -0.597321822 0.420751934
1.181596989 -0.709836325 -0.017026410
1.236439424 -0.327119500 0.997208721
1.340839806 -0.330352068 1.131633532
1.354737410 -0.410281350 1.341670215
1.116301863 -0.633445746 1.355945317
1.089756940 -0.724071022 1.118279901
1.000334285 -0.504744528 0.995786049
1.205400099 -0.450356701 1.442593959
1.192558993 -0.399433659 1.593452229
frame 301
p 1
-0.138015969 -0.104901387 -0.046675421
-0.121312379 -0.096469233 0.383633850
-0.108012143 -0.094660083 0.730927669
0.000017390 0.115942708 0.740830952
0.044896102 0.132929194 0.363866321
-0.003956608 0.191496204 -0.049957512
0.000640860 -0.201216183 0.768005772
-0.116929655 -0.239930202 0.993127476
-0.124035066 -0.166133522 1.268779446
-0.094105849 0.187159194 1.263199943
-0.074996412 0.220016757 0.982692573
0.056402708 0.134516416 0.795388840
-0.079880901 0.024411360 1.427286132
-0.039109495 0.029215157 1.650283728
p 3
1.384717668 -0.587581941 -0.012927140
1.320573833 -0.506437618 0.367570152
1.243220283 -0.413398167 0.815612816
1.065691302 -0.573880499 0.817433426
1.040796338 -0.638811940 0.397127322
1.046989743 -0.687403880 0.019985962
1.221072134 -0.323292817 0.994317739
1.322151892 -0.329753748 1.133826993
1.315774427 -0.407275951 1.343243839
1.098238435 -0.631638959 1.357496671
1.066835485 -0.728214676 1.135972667
0.975256050 -0.503000930 1.012902413
1.187777062 -0.449290656 1.443796118
1.175446165 -0.398479745 1.594191489
frame 302
p 1
-0.138015969 -0.104901387 -0.046675421
-0.116611330 -0.107697312 0.377552876
-0.118670502 -0.108727256 0.718576898
-0.007176068 0.091132913 0.728110983
0.044896102 0.132929194 0.363866321
-0.003956608 0.191496204 -0.049957512
-0.007890619 -0.224207902 0.757966169
-0.135004504 -0.246755382 1.001890382
-0.127490980 -0.195450083 1.256113572
-0.094103093 0.157028012 1.247662550
-0.087553145 0.203373146 0.988948935
0.043109536 0.118788207 0.798858216
-0.082608609 -0.011420625 1.423130547
-0.048287700 0.008976991 1.651883057
p 3
1.384717668 -0.587581941 -0.012927140
1.328555120 -0.522599619 0.370508426
1.267197643 -0.484303485 0.789301666
1.042032287 -0.586739383 0.819678209
1.046208951 -0.649209883 0.396374724
1.017122469 -0.691119168 0.022179719
1.200511188 -0.338300786 0.995193318
1.302370923 -0.345309763 1.134173698
1.296659646 -0.422737641 1.343164458
1.077649848 -0.645274376 1.357632266
1.044208521 -0.740876151 1.136972512
0.953775962 -0.516296856 1.014005855
1.173782738 -0.476442913 1.449004834
1.174746493 -0.456823407 1.613814770
frame 303
p 1
-0.138015969 -0.104901387 -0.046675421
-0.116611330 -0.107697312 0.377552876
-0.118670502 -0.108727256 0.718576898
-0.007176068 0.091132913 0.728110983
0.056018068 0.113741809 0.347558746
-0.003956608 0.191496204 -0.049957512
-0.028147879 -0.219979535 0.770682765
-0.138836226 -0.265340445 0.983646728
-0.135993970 -0.210035733 1.253075556
-0.112742832 0.154989931 1.264970791
-0.101638066 0.202029595 0.991262124
0.030394894 0.108738446 0.803346737
-0.087848283 -0.022772715 1.412954833
-0.039165613 -0.033627716 1.636138588
p 3
1.383577756 -0.593508748 -0.004841398
1.278191426 -0.511844131 0.373967729
1.243707632 -0.498377289 0.791394831
1.018332346 -0.599435982 0.821955300
1.046208951 -0.649209883 0.396374724
1.017122469 -0.691119168 0.022179719
1.155439511 -0.390514553 0.999200852
1.252674241 -0.345838140 1.159993861
1.271309824 -0.444035314 1.361241935
1.045983821 -0.648858157 1.368288466
1.014430137 -0.764224875 1.125150727
0.903969555 -0.494157278 1.037043769
1.154543923 -0.502604515 1.461474120
1.137466969 -0.452344710 1.625102760
frame 304
p 1
-0.138015969 -0.104901387 -0.046675421
-0.116611330 -0.107697312 0.377552876
-0.118670502 -0.108727256 0.718576898
-0.007176068 0.091132913 0.728110983
0.056018068 0.113741809 0.347558746
-0.003956608 0.191496204 -0.049957512
-0.023178593 -0.251716689 0.753484046
-0.144715027 -0.276031062 0.985739214
-0.139647304 -0.227318041 1.256833348
-0.109946484 0.136656645 1.253456874
-0.103701519 0.181942913 0.993460839
0.020895414 0.103845700 0.810523571
-0.094611815 -0.039246454 1.425515615
-0.051606359 -0.036939107 1.651604801
p 3
1.372911930 -0.586505702 -0.009188722
1.240827682 -0.509080860 0.383381107
1.194348890 -0.502514922 0.799430163
0.995801439 -0.638108722 0.813463454
1.000636489 -0.648472395 0.401614335
1.017122469 -0.691119168 0.022179719
1.110795850 -0.396212521 1.004540156
1.209029832 -0.352337435 1.163943331
1.227812767 -0.449639129 1.363936945
1.002509164 -0.651964105 1.371181699
0.967984590 -0.765619338 1.130300037
0.860820474 -0.498250667 1.042284768
1.112569237 -0.507645155 1.463429359
1.097391096 -0.457878443 1.625912587
frame 305
p 1
-0.138015969 -0.104901387 -0.046675421
-0.156583885 -0.128244630 0.366942156
-0.148900429 -0.128865755 0.707819848
-0.033281140 0.086205601 0.715381531
0.033713732 0.111160239 0.355654940
-0.011728305 0.188455663 -0.044126281
-0.023178593 -0.251716689 0.753484046
-0.145683391 -0.283685971 0.996499751
-0.141728112 -0.219741958 1.256655197
-0.109946484 0.136656645 1.253456874
-0.103701519 0.181942913 0.993460839
0.020895414 0.103845700 0.810523571
-0.091137454 -0.048682551 1.424243225
-0.038863690 -0.066066925 1.645090468
p 3
1.372911930 -0.586505702 -0.009188722
1.240827682 -0.509080860 0.383381107
1.160323342 -0.502530984 0.807740146
0.962634972 -0.636967490 0.821696841
1.000636489 -0.648472395 0.401614335
1.017122469 -0.691119168 0.022179719
1.079659778 -0.397286732 1.010956886
1.178281343 -0.353888072 1.169401694
1.218412130 -0.472998674 1.355476282
0.972348864 -0.651335435 1.375605727
0.936113055 -0.763866286 1.136326505
0.831106442 -0.498414786 1.048417114
1.083050804 -0.508242222 1.467256761
1.069081142 -0.458854954 1.628849868
frame 306
p 1
-0.138015969 -0.104901387 -0.046675421
-0.156583885 -0.128244630 0.366942156
-0.148900429 -0.128865755 0.707819848
-0.035132411 0.087968497 0.720001165
0.028587765 0.083137606 0.332679978
-0.010885512 0.149091105 -0.057227618
-0.036709030 -0.251115832 0.756662421
-0.153530215 -0.293195641 0.992699586
-0.153090124 -0.223282517 1.260697971
-0.115080869 0.110080029 1.263080682
-0.114982108 0.180947655 0.995326110
0.008533984 0.103020292 0.813017314
-0.101886074 -0.049018919 1.425052909
-0.049283728 -0.066368136 1.645381145
p 3
1.347059566 -0.567310117 0.004916795
1.253472555 -0.514152648 0.385686495
1.130751704 -0.500222491 0.813234234
0.944716825 -0.648414786 0.818691673
0.973877781 -0.672613347 0.383962597
1.017122469 -0.691119168 0.022179719
1.059726678 -0.408991668 1.023439994
1.170181007 -0.399576339 1.155940504
1.175877844 -0.469141891 1.357363817
0.921020753 -0.641680619 1.373232581
0.858307463 -0.741327948 1.127290200
0.849492882 -0.478188677 1.061690488
1.030398712 -0.503041832 1.468326747
0.993370243 -0.449264882 1.623780253
frame 307
p 1
-0.138015969 -0.104901387 -0.046675421
-0.156583885 -0.128244630 0.366942156
-0.148900429 -0.128865755 0.707819848
-0.035132411 0.087968497 0.720001165
0.028587765 0.083137606 0.332679978
-0.010885512 0.149091105 -0.057227618
-0.036921972 -0.258959217 0.767959849
-0.148428044 -0.300472072 0.981917756
-0.153090124 -0.223282517 1.260697971
-0.115080869 0.110080029 1.263080682
-0.114982108 0.180947655 0.995326110
0.008533984 0.103020292 0.813017314
-0.101886074 -0.049018919 1.425052909
-0.049283728 -0.066368136 1.645381145
p 3
1.337998699 -0.567984600 0.009697326
1.267938816 -0.523391997 0.393103957
1.101388378 -0.497898225 0.818699239
0.916032170 -0.645094504 0.824227630
0.948466465 -0.669693511 0.390717878
1.006160380 -0.689764640 0.025834942
1.033005484 -0.407665720 1.027219561
1.143227023 -0.398308835 1.159079540
1.149041701 -0.467300724 1.359629859
0.858120743 -0.628852768 1.368626032
0.834738563 -0.728235480 1.114781132
0.799196179 -0.467936995 1.058886853
1.005051846 -0.501118228 1.470004130
0.969133903 -0.447634603 1.624716987
frame 308
p 1
-0.138015969 -0.104901387 -0.046675421
-0.156583885 -0.128244630 0.366942156
-0.148900429 -0.128865755 0.707819848
-0.035132411 0.087968497 0.720001165
0.028587765 0.083137606 0.332679978
-0.010885512 0.149091105 -0.057227618
-0.035365308 -0.260041173 0.769077706
-0.146905574 -0.301505205 0.983082561
-0.151642260 -0.224180118 1.261916804
-0.113745430 0.109313946 1.264209118
-0.113664627 0.180144570 0.996379548
0.010006844 0.102076191 0.814040061
-0.095527020 -0.057783470 1.420637721
-0.029563971 -0.096215466 1.628377076
p 3
1.295470788 -0.559767429 0.017409992
1.232637961 -0.509839006 0.387273268
1.101388378 -0.497898225 0.818699239
0.916032170 -0.645094504 0.824227630
0.948466465 -0.669693511 0.390717878
1.006160380 -0.689764640 0.025834942
1.008209188 -0.409811897 1.035750737
1.143227023 -0.398308835 1.159079540
1.149041701 -0.467300724 1.359629859
0.858120743 -0.628852768 1.368626032
0.793120951 -0.719516428 1.115248784
0.776257300 -0.465238467 1.060511785
0.975448211 -0.496302765 1.467837130
0.980210560 -0.449370425 1.625717830
frame 309
p 1
-0.138015969 -0.104901387 -0.046675421
-0.156583885 -0.128244630 0.366942156
-0.148900429 -0.128865755 0.707819848
-0.035132411 0.087968497 0.720001165
0.028587765 0.083137606 0.332679978
-0.010885512 0.149091105 -0.057227618
-0.038726817 -0.259890408 0.769854098
-0.150029310 -0.301328846 0.983667521
-0.154208552 -0.231840466 1.267527591
-0.125654916 0.125650589 1.275217640
-0.116481478 0.179898512 0.996845650
0.006920333 0.101872962 0.814663173
-0.098225915 -0.057857475 1.420845329
-0.032218227 -0.096262950 1.628464844
p 3
1.235010491 -0.542673687 0.021468941
1.187477759 -0.507730719 0.400498437
1.101388378 -0.497898225 0.818699239
0.916032170 -0.645094504 0.824227630
0.948466465 -0.669693511 0.390717878
1.006160380 -0.689764640 0.025834942
0.966885904 -0.404235581 1.036613389
1.120042582 -0.401515200 1.168486163
1.149041701 -0.467300724 1.359629859
0.874274017 -0.673220207 1.370630130
0.793120951 -0.719516428 1.115248784
0.781083547 -0.490694781 1.034125350
1.014537250 -0.563777435 1.466682008
1.028893821 -0.533378438 1.628468464
frame 310
p 1
-0.138015969 -0.104901387 -0.046675421
-0.156583885 -0.128244630 0.366942156
-0.148900429 -0.128865755 0.707819848
-0.035132411 0.087968497 0.720001165
0.028587765 0.083137606 0.332679978
-0.010885512 0.149091105 -0.057227618
-0.083912620 -0.258786855 0.781787515
-0.180724181 -0.288195656 0.972135090
-0.195948465 -0.221025141 1.257285812
-0.117863411 0.117820498 1.287083837
-0.116481478 0.179898512 0.996845650
-0.011126048 0.106924303 0.810418030
-0.116644691 -0.057817376 1.421555484
-0.025212818 -0.096323261 1.628368690
p 3
1.192784993 -0.550818965 0.011092184
1.157812718 -0.542266215 0.407348201
1.101388378 -0.497898225 0.818699239
0.916032170 -0.645094504 0.824227630
0.948466465 -0.669693511 0.390717878
1.006160380 -0.689764640 0.025834942
0.983214722 -0.417309863 1.016971543
1.120042582 -0.401515200 1.168486163
1.149041701 -0.467300724 1.359629859
0.903540179 -0.717844423 1.357375049
0.813463253 -0.751120991 1.102374306
0.763337364 -0.491950358 1.018813386
0.998140879 -0.563743399 1.469928182
0.971598943 -0.533470065 1.638910429
frame 311
p 1
-0.138015969 -0.104901387 -0.046675421
-0.156583885 -0.128244630 0.366942156
-0.148900429 -0.128865755 0.707819848
-0.035132411 0.087968497 0.720001165
0.028587765 0.083137606 0.332679978
-0.010885512 0.149091105 -0.057227618
-0.083912620 -0.258786855 0.781787515
-0.180724181 -0.288195656 0.972135090
-0.195948465 -0.221025141 1.257285812
-0.117863411 0.117820498 1.287083837
-0.116481478 0.179898512 0.996845650
-0.011126048 0.106924303 0.810418030
-0.115211814 -0.058066484 1.421927134
-0.020138420 -0.097238031 1.629826968
p 3
1.192784993 -0.550818965 0.011092184
1.147930548 -0.538795920 0.406187899
1.086621170 -0.488613184 0.809097529
0.908818768 -0.632491236 0.807872022
0.948466465 -0.669693511 0.390717878
1.006160380 -0.689764640 0.025834942
1.009931724 -0.418853966 1.013054835
1.120042582 -0.401515200 1.168486163
1.115372652 -0.465884358 1.364155419
0.847809123 -0.708811531 1.358979293
0.808522532 -0.756630312 1.078049786
0.770012521 -0.495095468 0.987896200
0.981603375 -0.562304120 1.471099350
0.977816281 -0.534002317 1.638577603
frame 312
p 1
-0.138015969 -0.104901387 -0.046675421
-0.156583885 -0.128244630 0.366942156
-0.148900429 -0.128865755 0.707819848
-0.035132411 0.087968497 0.720001165
0.028587765 0.083137606 0.332679978
-0.010885512 0.149091105 -0.057227618
-0.083912620 -0.258786855 0.781787515
-0.180724181 -0.288195656 0.972135090
-0.195948465 -0.221025141 1.257285812
-0.117863411 0.117820498 1.287083837
-0.116481478 0.179898512 0.996845650
-0.011126048 0.106924303 0.810418030
-0.110506800 -0.057962906 1.421634110
-0.003466196 -0.096904213 1.629189129
p 3
1.192784993 -0.550818965 0.011092184
1.161891170 -0.536009280 0.397142017
1.078051998 -0.483222585 0.803680529
0.893665887 -0.619812172 0.794990883
0.948466465 -0.669693511 0.390717878
1.006160380 -0.689764640 0.025834942
0.992102146 -0.417826926 1.015667573
1.151013396 -0.405258212 1.168250137
1.119233812 -0.461375394 1.355464803
0.857602419 -0.689583187 1.348945631
0.801685145 -0.753448799 1.089842926
0.752328823 -0.506819888 0.956747626
0.981603375 -0.562304120 1.471099350
0.977816281 -0.534002317 1.638577603
frame 313
p 1
-0.138015969 -0.104901387 -0.046675421
-0.156583885 -0.128244630 0.366942156
-0.148900429 -0.128865755 0.707819848
-0.035132411 0.087968497 0.720001165
0.028587765 0.083137606 0.332679978
-0.010885512 0.149091105 -0.057227618
-0.080596963 -0.258945339 0.781018961
-0.177644512 -0.288350868 0.971552966
-0.193118658 -0.221102517 1.256941899
-0.115194827 0.118012489 1.286808259
-0.113664627 0.180144570 0.996379548
-0.008063128 0.107134125 0.809798133
-0.107817600 -0.057891133 1.421426466
-0.000790493 -0.096851788 1.629102708
p 3
1.192784993 -0.550818965 0.011092184
1.163226780 -0.527967761 0.385871921
1.084566419 -0.478913078 0.789659548
0.895909045 -0.623661449 0.794003968
0.933745864 -0.662449838 0.387393270
0.979802064 -0.680645865 0.027126414
1.021480985 -0.423289796 1.010842792
1.186616055 -0.404274555 1.153541149
1.125189087 -0.476837225 1.362220074
0.859907062 -0.693593355 1.348324541
0.811345090 -0.765566471 1.080729313
0.779214630 -0.544467093 0.920542028
0.973536992 -0.563805202 1.468277812
0.943319272 -0.529187756 1.629530383
frame 314
p 1
-0.138070239 -0.113707934 -0.036579473
-0.156583885 -0.128244630 0.366942156
-0.148900429 -0.128865755 0.707819848
-0.035132411 0.087968497 0.720001165
0.004925367 0.084281864 0.337333526
-0.028915633 0.148007846 -0.049909793
-0.080596963 -0.258945339 0.781018961
-0.177644512 -0.288350868 0.971552966
-0.171764393 -0.222557141 1.255738705
-0.091206741 0.116414654 1.289439986
-0.113664627 0.180144570 0.996379548
-0.008063128 0.107134125 0.809798133
-0.085339508 -0.059527569 1.423148033
0.013118117 -0.097996919 1.631045082
p 3
1.192784993 -0.550818965 0.011092184
1.143832974 -0.491309903 0.384760127
1.084566419 -0.478913078 0.789659548
0.895909045 -0.623661449 0.794003968
0.933745864 -0.662449838 0.387393270
0.979802064 -0.680645865 0.027126414
1.040045813 -0.419741617 1.001385233
1.217532469 -0.412547702 1.160088668
1.125189087 -0.476837225 1.362220074
0.859907062 -0.693593355 1.348324541
0.811345090 -0.765566471 1.080729313
0.759468620 -0.540381184 0.898069803
0.973536992 -0.563805202 1.468277812
0.943319272 -0.529187756 1.629530383
frame 315
p 1
-0.138070239 -0.113707934 -0.036579473
-0.156583885 -0.128244630 0.366942156
-0.148900429 -0.128865755 0.707819848
-0.035132411 0.087968497 0.720001165
0.004925367 0.084281864 0.337333526
-0.028915633 0.148007846 -0.049909793
-0.095488880 -0.229423009 0.804457497
-0.177644512 -0.288350868 0.971552966
-0.171764393 -0.222557141 1.255738705
-0.091206741 0.116414654 1.289439986
-0.113664627 0.180144570 0.996379548
-0.008063128 0.107134125 0.809798133
-0.085339508 -0.059527569 1.423148033
0.013118117 -0.097996919 1.631045082
p 3
1.190038110 -0.540710939 0.003698751
1.143832974 -0.491309903 0.384760127
1.060101181 -0.447178539 0.805715924
0.885095822 -0.606874883 0.800718997
0.923576694 -0.639974405 0.386949535
0.979802064 -0.680645865 0.027126414
1.078139246 -0.415560544 0.992972572
1.287670732 -0.416474430 1.159343659
1.159182192 -0.478193067 1.364836933
0.857602419 -0.689583187 1.348945631
0.812245855 -0.773007044 1.085950996
0.785323770 -0.579290138 0.879285826
0.970974791 -0.559738414 1.468831065
0.940738378 -0.525119827 1.629959333
frame 316
p 1
-0.138070239 -0.113707934 -0.036579473
-0.156583885 -0.128244630 0.366942156
-0.148900429 -0.128865755 0.707819848
-0.035132411 0.087968497 0.720001165
0.004925367 0.084281864 0.337333526
-0.028915633 0.148007846 -0.049909793
-0.080903133 -0.230961673 0.802626602
-0.173333424 -0.272706414 0.987244841
-0.170402687 -0.186692452 1.259767774
-0.078697783 0.121432789 1.283439340
-0.103716736 0.182724090 1.001901936
0.003328198 0.112351103 0.809948063
-0.080196346 -0.042774993 1.427381500
-0.001766269 -0.035642774 1.642830802
p 3
1.190038110 -0.540710939 0.003698751
1.143832974 -0.491309903 0.384760127
1.060101181 -0.447178539 0.805715924
0.885095822 -0.606874883 0.800718997
0.923576694 -0.639974405 0.386949535
0.979802064 -0.680645865 0.027126414
1.121263857 -0.416432794 0.984994319
1.330952443 -0.426596009 1.166421079
1.159182192 -0.478193067 1.364836933
0.868399063 -0.689845257 1.346256746
0.830579265 -0.796921011 1.116785758
0.773540943 -0.586326495 0.893349349
0.970974791 -0.559738414 1.468831065
0.940738378 -0.525119827 1.629959333
frame 317
p 1
-0.138070239 -0.113707934 -0.036579473
-0.135351707 -0.114166709 0.352511304
-0.150719389 -0.120393713 0.706446337
-0.046448971 0.107977127 0.736444882
0.024288252 0.113679926 0.329201849
-0.022841794 0.143350299 -0.046939967
-0.059644799 -0.232758833 0.799303017
-0.159929665 -0.255323234 0.989752613
-0.151893235 -0.187896586 1.258924998
-0.070121953 0.139802859 1.290355327
-0.091794303 0.195464255 1.007303315
0.015441055 0.126001607 0.817391522
-0.062534099 -0.043065759 1.427374981
0.015466857 -0.035837250 1.643637795
p 3
1.190038110 -0.540710939 0.003698751
1.143832974 -0.491309903 0.384760127
1.091199868 -0.452900639 0.799363257
0.898115457 -0.579253684 0.795857824
0.949939604 -0.635278601 0.379511594
0.979802064 -0.680645865 0.027126414
1.188113181 -0.430949467 0.984930421
1.409422126 -0.441593029 1.167530561
1.188948939 -0.484211782 1.361962271
0.893823714 -0.701836259 1.352039764
0.838882747 -0.804698119 1.119241992
0.815214155 -0.615578844 0.882172437
0.966844696 -0.522345804 1.480342112
0.958997200 -0.517843322 1.630022405
frame 318
p 1
-0.137893393 -0.109480038 -0.049446944
-0.135351707 -0.114166709 0.352511304
-0.140223227 -0.096236574 0.714320785
-0.026365223 0.108232616 0.733226328
0.024288252 0.113679926 0.329201849
-0.022841794 0.143350299 -0.046939967
-0.054241710 -0.210020357 0.809820632
-0.144582436 -0.255915032 0.986953685
-0.137598253 -0.188145335 1.257216775
-0.056605530 0.140844747 1.288980272
-0.085497043 0.213216032 1.011464658
0.023502254 0.143150800 0.819222242
-0.059601317 -0.019231057 1.433605870
0.021522203 -0.030501756 1.654297365
p 3
1.200219002 -0.560250311 0.004372732
1.176855791 -0.536005154 0.349315994
1.102868852 -0.449850679 0.797754584
0.909815229 -0.576756089 0.794114473
0.949939604 -0.635278601 0.379511594
0.979802064 -0.680645865 0.027126414
1.206265277 -0.424115742 0.977750747
1.439582160 -0.441288631 1.168153103
1.212904868 -0.481774182 1.360408205
0.904433308 -0.699354829 1.351486455
0.850254534 -0.802699517 1.118152939
0.826517979 -0.613165957 0.880700952
0.976728119 -0.519267955 1.480092691
0.968519702 -0.514718919 1.629997403
frame 319
p 1
-0.137893393 -0.109480038 -0.049446944
-0.123599727 -0.104879303 0.343264887
-0.116925627 -0.090722646 0.709871333
-0.000773060 0.112037024 0.728292385
0.024288252 0.113679926 0.329201849
-0.022841794 0.143350299 -0.046939967
-0.034482820 -0.210620920 0.805453755
-0.133824745 -0.234508212 0.989066807
-0.131378810 -0.159597010 1.262837363
-0.050202730 0.165893803 1.290697045
-0.068618539 0.214877235 1.008779243
0.045613013 0.144719246 0.803305090
-0.045480475 -0.010733374 1.431504167
0.029259429 -0.001480837 1.649565370
p 3
1.200219002 -0.560250311 0.004372732
1.176855791 -0.536005154 0.349315994
1.100218342 -0.445909420 0.798809288
0.907505153 -0.572902251 0.795115521
0.949939604 -0.635278601 0.379511594
0.979802064 -0.680645865 0.027126414
1.239088866 -0.373757088 0.979931928
1.434090482 -0.399097962 1.189544075
1.217040636 -0.433639491 1.375881902
0.945531804 -0.700464166 1.348187206
0.870739500 -0.802010054 1.115826137
0.824352389 -0.609356121 0.881626160
0.990301972 -0.517792558 1.481682391
0.959780975 -0.509645930 1.629935511
frame 320
p 1
-0.137893393 -0.109480038 -0.049446944
-0.104890748 -0.106107310 0.338569270
-0.127042520 -0.070525576 0.725792783
-0.012292243 0.138156697 0.736571713
0.024288252 0.113679926 0.329201849
-0.013852357 0.127464343 -0.063411641
-0.037134907 -0.204485446 0.797330769
-0.132239239 -0.209323011 1.003701004
-0.105527510 -0.165057466 1.268066079
-0.049681867 0.182201781 1.305757198
-0.055114687 0.234358935 1.022460144
0.070441062 0.152457843 0.814077122
-0.051433323 0.006265147 1.432345719
0.031692626 -0.008102098 1.649521790
p 3
1.200219002 -0.560250311 0.004372732
1.157775734 -0.481459041 0.374132949
1.117519668 -0.411651771 0.788938705
0.933852624 -0.547409439 0.794518967
0.932227162 -0.607080573 0.391385917
0.979802064 -0.680645865 0.027126414
1.247214777 -0.366174248 0.979818660
1.441671620 -0.391052816 1.189683170
1.224279954 -0.425951213 1.376148666
0.953774641 -0.693814218 1.348271889
0.879903471 -0.795922085 1.115514872
0.833476001 -0.603101897 0.881087345
0.997584202 -0.510618941 1.481986195
0.966651261 -0.502427961 1.630344516
frame 321
p 1
-0.137893393 -0.109480038 -0.049446944
-0.121898407 -0.072202657 0.369524327
-0.089339619 -0.072055533 0.719655242
0.003366374 0.141541780 0.730492473
0.024288252 0.113679926 0.329201849
-0.013852357 0.127464343 -0.063411641
-0.025560489 -0.170163277 0.792419736
-0.114163324 -0.195947134 0.997874064
-0.100930158 -0.128810394 1.278410963
-0.026806203 0.180750931 1.296037253
-0.042394835 0.250319796 1.025139606
0.082275375 0.172183522 0.819435364
-0.037657020 0.020416940 1.432353956
0.031147226 0.035764164 1.655419609
p 3
1.200219002 -0.560250311 0.004372732
1.157775734 -0.481459041 0.374132949
1.109498044 -0.399901661 0.792132551
0.941764604 -0.563893023 0.795112774
0.932227162 -0.607080573 0.391385917
0.979802064 -0.680645865 0.027126414
1.252671384 -0.362406508 0.992632237
1.500152157 -0.394078575 1.205699058
1.246214899 -0.414922149 1.375688470
0.959538770 -0.683040145 1.348995165
0.905054258 -0.788339215 1.113512235
0.857744146 -0.601830812 0.888780505
1.057032346 -0.506277141 1.484431201
1.025253737 -0.500455733 1.638486297
frame 322
p 1
-0.137893393 -0.109480038 -0.049446944
-0.121898407 -0.072202657 0.369524327
-0.089254274 -0.050861563 0.723111165
-0.006747193 0.161518119 0.740980141
0.012845635 0.136115250 0.342405027
-0.013852357 0.127464343 -0.063411641
-0.013867045 -0.169382941 0.788370862
-0.108768816 -0.177610959 0.995276777
-0.090929903 -0.127950073 1.275917398
-0.026816920 0.200377469 1.301396614
-0.039256966 0.264372145 1.029535359
0.096929782 0.174355262 0.803559315
-0.036773119 0.043633213 1.436533929
0.038714155 0.048901554 1.658815587
p 3
1.200219002 -0.560250311 0.004372732
1.157775734 -0.481459041 0.374132949
1.109498044 -0.399901661 0.792132551
0.941764604 -0.563893023 0.795112774
0.915468849 -0.583845510 0.406785359
0.995674161 -0.699506299 0.006112924
1.278537124 -0.372364261 1.002701287
1.500152157 -0.394078575 1.205699058
1.246214899 -0.414922149 1.375688470
0.959538770 -0.683040145 1.348995165
0.905054258 -0.788339215 1.113512235
0.857744146 -0.601830812 0.888780505
1.057032346 -0.506277141 1.484431201
1.025253737 -0.500455733 1.638486297
frame 323
p 1
-0.137893393 -0.109480038 -0.049446944
-0.077722712 -0.071809061 0.355494888
-0.096098225 -0.031004048 0.727125597
-0.015886303 0.180526127 0.749095089
0.012845635 0.136115250 0.342405027
-0.016707033 0.134153338 -0.062492674
-0.008774709 -0.168465671 0.785792466
-0.104134527 -0.176727358 0.993047862
-0.096059027 -0.105692726 1.281951554
-0.034134750 0.227923257 1.303694741
-0.028856750 0.263902337 1.009696988
0.098821843 0.177613783 0.799228906
-0.035744920 0.055611982 1.432981652
0.041872863 0.052509149 1.657003134
p 3
1.200219002 -0.560250311 0.004372732
1.157775734 -0.481459041 0.374132949
1.091336742 -0.375111142 0.801437370
0.925858985 -0.539399791 0.803926535
0.893885712 -0.550879236 0.422751180
0.975225086 -0.672961632 0.030096724
1.257293533 -0.346056058 1.011406246
1.500248653 -0.367187877 1.211059890
1.241645529 -0.405069067 1.372510838
0.926175755 -0.631406820 1.361363345
0.880448612 -0.758003354 1.135135297
0.871215581 -0.597114043 0.908101491
1.036203546 -0.475501658 1.489234281
0.998405911 -0.457305874 1.639769165
frame 324
p 1
-0.137893393 -0.109480038 -0.049446944
-0.064012001 -0.071670459 0.351150251
-0.059943081 -0.033303747 0.722778558
-0.015886303 0.180526127 0.749095089
0.012845635 0.136115250 0.342405027
-0.016707033 0.134153338 -0.062492674
-0.017366915 -0.135135378 0.810825324
-0.106758185 -0.151194571 1.005230174
-0.087534311 -0.105630270 1.281006996
-0.023082684 0.226420379 1.296969536
-0.023513437 0.273776010 1.006974307
0.101471680 0.191964866 0.801597585
-0.030292760 0.062073341 1.433547316
0.039949541 0.074635147 1.659816092
p 3
1.200219002 -0.560250311 0.004372732
1.157775734 -0.481459041 0.374132949
1.124539594 -0.418409393 0.781947159
0.923526796 -0.535562415 0.804925043
0.893885712 -0.550879236 0.422751180
0.954833248 -0.661662307 0.025762890
1.254129432 -0.341910493 1.012378058
1.496594888 -0.362773871 1.211903379
1.238534195 -0.400861597 1.373175613
0.986241190 -0.634835071 1.358232009
0.886962470 -0.773490202 1.163467657
0.877480820 -0.583160772 0.923938847
1.049615100 -0.471801874 1.487784044
1.052231722 -0.454577599 1.633994442
frame 325
p 1
-0.137893393 -0.109480038 -0.049446944
-0.046719142 -0.052283959 0.346328678
-0.059943081 -0.033303747 0.722778558
-0.015886303 0.180526127 0.749095089
0.001055277 0.160126991 0.354057987
-0.016707033 0.134153338 -0.062492674
-0.015850079 -0.136152239 0.811925066
-0.088760556 -0.147581358 0.999289470
-0.073925292 -0.093133251 1.278140827
-0.014922346 0.246296750 1.297605376
0.007604652 0.288407329 0.990005059
0.099716454 0.217918185 0.800618209
-0.023349098 0.082551730 1.438156345
0.055190394 0.081800568 1.654920482
p 3
1.200219002 -0.560250311 0.004372732
1.183411683 -0.486023195 0.371164897
1.172598920 -0.420959021 0.772959799
0.967683983 -0.540543375 0.798191620
0.942733163 -0.558040572 0.413544837
0.957519641 -0.648190689 -0.001619721
1.254129432 -0.341910493 1.012378058
1.496594888 -0.362773871 1.211903379
1.238534195 -0.400861597 1.373175613
0.986241190 -0.634835071 1.358232009
0.886962470 -0.773490202 1.163467657
0.893873523 -0.598667705 0.941932184
1.049615100 -0.471801874 1.487784044
1.052231722 -0.454577599 1.633994442
frame 326
p 1
-0.105418227 -0.106256119 -0.067767732
0.005757969 -0.064775515 0.345145723
-0.062282002 -0.021266068 0.718404392
-0.014718690 0.184017777 0.739989686
0.001055277 0.160126991 0.354057987
-0.016707033 0.134153338 -0.062492674
-0.023093430 -0.117455262 0.815318899
-0.087487786 -0.143681534 0.991012215
-0.086710541 -0.065320399 1.289128274
-0.012154099 0.245944445 1.290215618
0.001121896 0.301542904 0.993754225
0.099716454 0.217918185 0.800618209
-0.023349098 0.082551730 1.438156345
0.055190394 0.081800568 1.654920482
p 3
1.200219002 -0.560250311 0.004372732
1.183411683 -0.486023195 0.371164897
1.172598920 -0.420959021 0.772959799
0.966785826 -0.535611804 0.794552058
0.932967501 -0.540423104 0.416774341
0.945887277 -0.629037604 0.006001911
1.308023343 -0.412938853 0.995767858
1.509065803 -0.403614196 1.195029384
1.238534195 -0.400861597 1.373175613
0.986191523 -0.607469493 1.373774615
0.854314517 -0.768023665 1.208644137
0.879531332 -0.583747116 0.962811452
1.052884456 -0.459372576 1.486302050
1.070671957 -0.444858498 1.652074938
frame 327
p 1
-0.105418227 -0.106256119 -0.067767732
0.005757969 -0.064775515 0.345145723
-0.062282002 -0.021266068 0.718404392
-0.014718690 0.184017777 0.739989686
0.001055277 0.160126991 0.354057987
-0.016707033 0.134153338 -0.062492674
-0.021085547 -0.114482860 0.810620851
-0.085783836 -0.140842593 0.986512338
-0.078373221 -0.070616141 1.272764314
-0.015704562 0.259371602 1.288727185
0.002919466 0.304509942 0.989716236
0.101502800 0.221254849 0.796393921
-0.025973234 0.099245686 1.431622896
0.055624532 0.091263736 1.647066409
p 3
1.200219002 -0.560250311 0.004372732
1.183411683 -0.486023195 0.371164897
1.172598920 -0.420959021 0.772959799
0.966785826 -0.535611804 0.794552058
0.932967501 -0.540423104 0.416774341
0.945887277 -0.629037604 0.006001911
1.256046240 -0.419356057 1.013431392
1.476896991 -0.393129830 1.184566423
1.244545866 -0.423638821 1.362766864
0.986852323 -0.619644744 1.385208019
0.818608903 -0.759468338 1.227421820
0.886303215 -0.583963137 0.998341873
1.060735301 -0.473486103 1.487284376
1.067649528 -0.439465660 1.651543765
frame 328
p 1
-0.067504963 -0.113102410 -0.076692685
0.004226982 -0.055937469 0.337781074
-0.043064613 -0.005899152 0.712987930
0.022544758 0.189420710 0.729142821
0.001055277 0.160126991 0.354057987
-0.016707033 0.134153338 -0.062492674
-0.012486018 -0.100395427 0.806014600
-0.081732844 -0.122509873 0.992739873
-0.067129262 -0.068467675 1.270128754
-0.009928669 0.269424632 1.291492566
0.007929059 0.318168561 0.985700688
0.106059712 0.236735262 0.800584992
-0.017130795 0.104694574 1.431156857
0.059137769 0.109016654 1.647093362
p 3
1.200219002 -0.560250311 0.004372732
1.183411683 -0.486023195 0.371164897
1.172598920 -0.420959021 0.772959799
0.966785826 -0.535611804 0.794552058
0.932967501 -0.540423104 0.416774341
0.945887277 -0.629037604 0.006001911
1.256046240 -0.419356057 1.013431392
1.476896991 -0.393129830 1.184566423
1.244545866 -0.423638821 1.362766864
0.986852323 -0.619644744 1.385208019
0.818608903 -0.759468338 1.227421820
0.885805054 -0.598962937 1.015910945
1.060735301 -0.473486103 1.487284376
1.067649528 -0.439465660 1.651543765
frame 329
p 1
-0.077486859 -0.093189184 -0.057066590
0.004226982 -0.055937469 0.337781074
-0.043064613 -0.005899152 0.712987930
0.022544758 0.189420710 0.729142821
0.001055277 0.160126991 0.354057987
-0.016707033 0.134153338 -0.062492674
-0.012486018 -0.100395427 0.806014600
-0.069399188 -0.120581556 0.987794570
-0.059972957 -0.067486111 1.267974517
-0.002587897 0.277671170 1.279659101
0.003836172 0.327761099 0.986483209
0.106059712 0.236735262 0.800584992
0.005496465 0.108816758 1.425806290
0.074102290 0.108054755 1.649949276
p 3
1.200219002 -0.560250311 0.004372732
1.179805787 -0.492640872 0.381123375
1.124808364 -0.415881551 0.778448133
0.966785826 -0.535611804 0.794552058
0.932967501 -0.540423104 0.416774341
0.958546319 -0.621959201 -0.009558806
1.256046240 -0.419356057 1.013431392
1.476896991 -0.393129830 1.184566423
1.244545866 -0.423638821 1.362766864
0.986852323 -0.619644744 1.385208019
0.804440153 -0.765978934 1.278719222
0.882777809 -0.598368598 1.040647108
1.063134806 -0.459871031 1.484638830
1.117681051 -0.453418711 1.635033182
frame 330
p 1
-0.077486859 -0.093189184 -0.057066590
0.004226982 -0.055937469 0.337781074
-0.043064613 -0.005899152 0.712987930
0.022544758 0.189420710 0.729142821
0.001055277 0.160126991 0.354057987
-0.016707033 0.134153338 -0.062492674
-0.009234485 -0.100390811 0.805310498
-0.066333706 -0.120576542 0.987256893
-0.059673696 -0.057871461 1.266104147
0.000074954 0.277985345 1.279400146
0.006653727 0.328128022 0.986039843
0.105915200 0.246021377 0.798616032
0.008179171 0.109015019 1.425617322
0.076715334 0.108240358 1.649884051
p 3
1.200219002 -0.560250311 0.004372732
1.179805787 -0.492640872 0.381123375
1.115712244 -0.410267528 0.773281969
0.957929184 -0.529887946 0.789316339
0.932967501 -0.540423104 0.416774341
0.958546319 -0.621959201 -0.009558806
1.247296738 -0.414201331 1.007779256
1.468018655 -0.388131600 1.178615797
1.236371371 -0.418983868 1.356746194
0.967563049 -0.616698087 1.385104160
0.796149085 -0.760586129 1.272719135
0.871499109 -0.585870103 1.057472406
1.055462056 -0.455463067 1.478581686
1.110370193 -0.449335720 1.628830189
frame 331
p 1
-0.077486859 -0.093189184 -0.057066590
0.004226982 -0.055937469 0.337781074
-0.043064613 -0.005899152 0.712987930
0.022544758 0.189420710 0.729142821
0.036640549 0.163870439 0.341812222
-0.016707033 0.134153338 -0.062492674
-0.005979731 -0.100385524 0.804606106
-0.046449246 -0.123462385 0.987950543
-0.056815692 -0.057815613 1.265781279
-0.004544925 0.290589852 1.285624297
0.009473457 0.328495652 0.985596465
0.109000158 0.246344011 0.798008827
0.010863839 0.109213813 1.425428583
0.079330064 0.108426934 1.649818970
p 3
1.200219002 -0.560250311 0.004372732
1.179805787 -0.492640872 0.381123375
1.115712244 -0.410267528 0.773281969
0.932440955 -0.526547772 0.792513581
0.912321749 -0.543730816 0.429294427
0.958546319 -0.621959201 -0.009558806
1.247296738 -0.414201331 1.007779256
1.468018655 -0.388131600 1.178615797
1.236371371 -0.418983868 1.356746194
0.967563049 -0.616698087 1.385104160
0.794643861 -0.765523965 1.254615504
0.871751733 -0.583654975 1.054023551
1.055462056 -0.455463067 1.478581686
1.110370193 -0.449335720 1.628830189
frame 332
p 1
-0.077486859 -0.093189184 -0.057066590
0.004226982 -0.055937469 0.337781074
-0.043064613 -0.005899152 0.712987930
0.022544758 0.189420710 0.729142821
0.036640549 0.163870439 0.341812222
-0.016707033 0.134153338 -0.062492674
-0.005979731 -0.100385524 0.804606106
-0.046449246 -0.123462385 0.987950543
-0.056815692 -0.057815613 1.265781279
-0.004544925 0.290589852 1.285624297
0.009473457 0.328495652 0.985596465
0.109000158 0.246344011 0.798008827
0.010863839 0.109213813 1.425428583
0.079330064 0.108426934 1.649818970
p 3
1.200219002 -0.560250311 0.004372732
1.179805787 -0.492640872 0.381123375
1.117912139 -0.411697533 0.770301508
0.934346891 -0.527938725 0.789697264
0.912321749 -0.543730816 0.429294427
0.958546319 -0.621959201 -0.009558806
1.221713569 -0.411891840 1.005426247
1.407301184 -0.379037169 1.170592367
1.238770216 -0.420394254 1.354147257
0.969583229 -0.618091008 1.382694228
0.785760448 -0.768020310 1.233368675
0.845830428 -0.574466955 1.043565612
1.057610056 -0.456801261 1.476181324
1.112550342 -0.450647966 1.626516555
frame 333
p 1
-0.077486859 -0.093189184 -0.057066590
0.004226982 -0.055937469 0.337781074
-0.043064613 -0.005899152 0.712987930
0.022544758 0.189420710 0.729142821
0.036640549 0.163870439 0.341812222
-0.016707033 0.134153338 -0.062492674
-0.005979731 -0.100385524 0.804606106
-0.048836381 -0.115990636 0.987977467
-0.063145743 -0.046840212 1.273401246
0.003828487 0.284445161 1.269421144
0.004876276 0.335268451 0.991528273
0.109000158 0.246344011 0.798008827
0.010863839 0.109213813 1.425428583
0.079330064 0.108426934 1.649818970
p 3
1.152232990 -0.541052231 0.001308277
1.139522163 -0.481561389 0.380607454
1.101400225 -0.409567321 0.771703660
0.918246380 -0.525366638 0.791097930
0.939108459 -0.584642026 0.410694064
0.931193117 -0.605790237 -0.016794028
1.205479227 -0.409913898 1.006018154
1.390888003 -0.377260761 1.170677908
1.223366520 -0.418565867 1.353737635
0.954659371 -0.615572016 1.382247186
0.770714163 -0.764827394 1.233387906
0.830685836 -0.571923497 1.044086226
1.043093846 -0.454910490 1.475469675
1.098201486 -0.448831739 1.625437620
frame 334
p 1
-0.077486859 -0.093189184 -0.057066590
0.004226982 -0.055937469 0.337781074
-0.043064613 -0.005899152 0.712987930
0.022544758 0.189420710 0.729142821
0.036640549 0.163870439 0.341812222
-0.016707033 0.134153338 -0.062492674
-0.002721874 -0.100379848 0.803901390
-0.045750194 -0.115983278 0.987437147
-0.060305011 -0.046774216 1.273086200
0.006506862 0.284759738 1.269151881
0.007684674 0.335641398 0.991091126
0.112087307 0.246667352 0.797401359
0.013549998 0.109413602 1.425239920
0.081946570 0.108614041 1.649754136
p 3
1.152232990 -0.541052231 0.001308277
1.139522163 -0.481561389 0.380607454
1.101400225 -0.409567321 0.771703660
0.918246380 -0.525366638 0.791097930
0.889165469 -0.565129372 0.404240571
0.931193117 -0.605790237 -0.016794028
1.205479227 -0.409913898 1.006018154
1.390888003 -0.377260761 1.170677908
1.223366520 -0.418565867 1.353737635
0.954659371 -0.615572016 1.382247186
0.770714163 -0.764827394 1.233387906
0.830685836 -0.571923497 1.044086226
1.043093846 -0.454910490 1.475469675
1.098201486 -0.448831739 1.625437620
frame 335
p 1
-0.077486859 -0.093189184 -0.057066590
0.004226982 -0.055937469 0.337781074
-0.043064613 -0.005899152 0.712987930
0.022544758 0.189420710 0.729142821
0.036640549 0.163870439 0.341812222
-0.016707033 0.134153338 -0.062492674
0.000539079 -0.100373441 0.803196161
-0.042661045 -0.115975334 0.986896684
-0.057461850 -0.046707959 1.272771084
0.009186978 0.285074793 1.268882538
0.010494920 0.336014863 0.990653762
0.115176943 0.246991644 0.796793650
0.016238268 0.109613860 1.425051277
0.084564563 0.108802164 1.649689350
p 3
1.152232990 -0.541052231 0.001308277
1.139522163 -0.481561389 0.380607454
1.091940027 -0.409083925 0.773491826
0.927456581 -0.555176067 0.784865343
0.889165469 -0.565129372 0.404240571
0.931193117 -0.605790237 -0.016794028
1.196132411 -0.409449668 1.007346464
1.381441843 -0.376905766 1.171711910
1.214486111 -0.418122871 1.354465173
0.946080276 -0.614712054 1.382960485
0.758307286 -0.774732859 1.208345868
0.806920956 -0.572264566 1.023042424
1.034719426 -0.454384397 1.476002890
1.089877917 -0.448301060 1.625751080
frame 336
p 1
-0.077486859 -0.093189184 -0.057066590
0.004226982 -0.055937469 0.337781074
-0.043064613 -0.005899152 0.712987930
0.022544758 0.189420710 0.729142821
0.036640549 0.163870439 0.341812222
-0.016707033 0.134153338 -0.062492674
0.000539079 -0.100373441 0.803196161
-0.042661045 -0.115975334 0.986896684
-0.057461850 -0.046707959 1.272771084
0.009186978 0.285074793 1.268882538
0.010494920 0.336014863 0.990653762
0.115176943 0.246991644 0.796793650
0.016238268 0.109613860 1.425051277
0.084564563 0.108802164 1.649689350
p 3
1.152232990 -0.541052231 0.001308277
1.139522163 -0.481561389 0.380607454
1.077787478 -0.408353618 0.776169301
0.913513111 -0.553948333 0.787587612
0.889165469 -0.565129372 0.404240571
0.931193117 -0.605790237 -0.016794028
1.182147651 -0.408748116 1.009335777
1.367305211 -0.376366638 1.173261140
1.170326426 -0.415857478 1.358095953
0.903762508 -0.608418620 1.383142018
0.745362036 -0.772868420 1.209913365
0.793911636 -0.571018391 1.025017272
1.022186382 -0.453589643 1.476802095
1.077420441 -0.447499461 1.626221229
frame 337
p 1
-0.077486859 -0.093189184 -0.057066590
0.004226982 -0.055937469 0.337781074
-0.043064613 -0.005899152 0.712987930
0.022544758 0.189420710 0.729142821
0.036640549 0.163870439 0.341812222
-0.016707033 0.134153338 -0.062492674
0.003803125 -0.100366813 0.802490369
-0.039569411 -0.115966630 0.986356061
-0.054616478 -0.046640769 1.272455866
0.011868876 0.285390588 1.268613296
0.013307285 0.336389110 0.990216348
0.118269106 0.247316289 0.796185691
0.018928010 0.109815148 1.424862822
0.087184270 0.108990898 1.649624805
p 3
1.152232990 -0.541052231 0.001308277
1.139522163 -0.481561389 0.380607454
1.058987682 -0.407370672 0.779730032
0.894994780 -0.552304166 0.791207354
0.889165469 -0.565129372 0.404240571
0.931193117 -0.605790237 -0.016794028
1.163566601 -0.407801783 1.011982715
1.348518295 -0.375635702 1.175323171
1.152776378 -0.414928800 1.359544602
0.886846507 -0.606692852 1.384564670
0.760671768 -0.771817107 1.202874107
0.788112899 -0.565649996 1.014367452
0.992406510 -0.451613488 1.478604315
1.014684916 -0.443393011 1.628748748
frame 338
p 1
-0.077486859 -0.093189184 -0.057066590
0.004226982 -0.055937469 0.337781074
-0.043064613 -0.005899152 0.712987930
0.022544758 0.189420710 0.729142821
0.036640549 0.163870439 0.341812222
-0.016707033 0.134153338 -0.062492674
0.003803125 -0.100366813 0.802490369
-0.039569411 -0.115966630 0.986356061
-0.054616478 -0.046640769 1.272455866
0.011868876 0.285390588 1.268613296
0.013307285 0.336389110 0.990216348
0.118269106 0.247316289 0.796185691
0.018928010 0.109815148 1.424862822
0.087184270 0.108990898 1.649624805
p 3
1.152232990 -0.541052231 0.001308277
1.139522163 -0.481561389 0.380607454
1.075573595 -0.432094891 0.763576024
0.888528309 -0.550507413 0.794893258
0.889165469 -0.565129372 0.404240571
0.931193117 -0.605790237 -0.016794028
1.177710747 -0.430650289 1.002332886
1.410177496 -0.446989758 1.141182743
1.175031709 -0.461643339 1.364038419
0.900851265 -0.633067276 1.376549136
0.767849268 -0.787157680 1.194065977
0.804709217 -0.598388333 1.003144799
1.017475192 -0.501105014 1.478231721
1.007163215 -0.455241845 1.648839210
frame 339
p 1
-0.077486859 -0.093189184 -0.057066590
0.004226982 -0.055937469 0.337781074
-0.043064613 -0.005899152 0.712987930
0.022544758 0.189420710 0.729142821
0.036640549 0.163870439 0.341812222
-0.016707033 0.134153338 -0.062492674
0.003803125 -0.100366813 0.802490369
-0.039569411 -0.115966630 0.986356061
-0.054616478 -0.046640769 1.272455866
0.011868876 0.285390588 1.268613296
0.013307285 0.336389110 0.990216348
0.118269106 0.247316289 0.796185691
0.018928010 0.109815148 1.424862822
0.087184270 0.108990898 1.649624805
p 3
1.152232990 -0.541052231 0.001308277
1.139522163 -0.481561389 0.380607454
1.075573595 -0.432094891 0.763576024
0.888528309 -0.550507413 0.794893258
0.889165469 -0.565129372 0.404240571
0.931193117 -0.605790237 -0.016794028
1.177710747 -0.430650289 1.002332886
1.370996174 -0.447149278 1.149178191
1.175031709 -0.461643339 1.364038419
0.900851265 -0.633067276 1.376549136
0.767849268 -0.787157680 1.194065977
0.804709217 -0.598388333 1.003144799
1.017475192 -0.501105014 1.478231721
1.007163215 -0.455241845 1.648839210
frame 340
p 1
-0.077486859 -0.093189184 -0.057066590
0.004226982 -0.055937469 0.337781074
-0.043064613 -0.005899152 0.712987930
0.022544758 0.189420710 0.729142821
0.036640549 0.163870439 0.341812222
-0.016707033 0.134153338 -0.062492674
0.003803125 -0.100366813 0.802490369
-0.039569411 -0.115966630 0.986356061
-0.054616478 -0.046640769 1.272455866
0.011868876 0.285390588 1.268613296
0.013307285 0.336389110 0.990216348
0.118269106 0.247316289 0.796185691
0.018928010 0.109815148 1.424862822
0.087184270 0.108990898 1.649624805
p 3
1.152232990 -0.541052231 0.001308277
1.139522163 -0.481561389 0.380607454
1.075573595 -0.432094891 0.763576024
0.888528309 -0.550507413 0.794893258
0.889165469 -0.565129372 0.404240571
0.931193117 -0.605790237 -0.016794028
1.177710747 -0.430650289 1.002332886
1.370996174 -0.447149278 1.149178191
1.175031709 -0.461643339 1.364038419
0.900851265 -0.633067276 1.376549136
0.746552208 -0.775252649 1.182862144
0.809343464 -0.596609121 0.999005127
1.017475192 -0.501105014 1.478231721
1.007163215 -0.455241845 1.648839210
frame 341
p 1
-0.077486859 -0.093189184 -0.057066590
0.004226982 -0.055937469 0.337781074
-0.043064613 -0.005899152 0.712987930
0.022544758 0.189420710 0.729142821
0.036640549 0.163870439 0.341812222
-0.016707033 0.134153338 -0.062492674
0.003803125 -0.100366813 0.802490369
-0.039569411 -0.115966630 0.986356061
-0.054616478 -0.046640769 1.272455866
0.011868876 0.285390588 1.268613296
0.013307285 0.336389110 0.990216348
0.118269106 0.247316289 0.796185691
0.018928010 0.109815148 1.424862822
0.087184270 0.108990898 1.649624805
p 3
1.165093322 -0.552360331 -0.017766780
1.172469278 -0.525485917 0.357251263
1.080371709 -0.448317941 0.771946805
0.888528309 -0.550507413 0.794893258
0.889165469 -0.565129372 0.404240571
0.931193117 -0.605790237 -0.016794028
1.193736660 -0.449819779 0.992889439
1.398907036 -0.477865845 1.170387203
1.175031709 -0.461643339 1.364038419
0.897038554 -0.630355072 1.381289774
0.758844140 -0.785124703 1.165899491
0.793592619 -0.567403988 1.003244771
1.017475192 -0.501105014 1.478231721
1.007163215 -0.455241845 1.648839210
frame 342
p 1
-0.077486859 -0.093189184 -0.057066590
0.004226982 -0.055937469 0.337781074
-0.043064613 -0.005899152 0.712987930
0.022544758 0.189420710 0.729142821
0.036640549 0.163870439 0.341812222
-0.016707033 0.134153338 -0.062492674
0.003803125 -0.100366813 0.802490369
-0.039569411 -0.115966630 0.986356061
-0.054616478 -0.046640769 1.272455866
0.011868876 0.285390588 1.268613296
0.013307285 0.336389110 0.990216348
0.118269106 0.247316289 0.796185691
0.018928010 0.109815148 1.424862822
0.087184270 0.108990898 1.649624805
p 3
1.165093322 -0.552360331 -0.017766780
1.172469278 -0.525485917 0.357251263
1.075641557 -0.448041521 0.772843823
0.883925272 -0.550098319 0.795791397
0.889165469 -0.565129372 0.404240571
0.931193117 -0.605790237 -0.016794028
1.189017869 -0.449539849 0.993576512
1.394019273 -0.477555387 1.170936061
1.170630349 -0.461388864 1.364393455
0.892793874 -0.629903210 1.381649043
0.754491286 -0.784492549 1.166460485
0.789241662 -0.566981723 1.003925949
0.999738094 -0.498859297 1.477526748
0.956067533 -0.448437305 1.644764442
frame 343
p 1
-0.077486859 -0.093189184 -0.057066590
0.004226982 -0.055937469 0.337781074
-0.043064613 -0.005899152 0.712987930
0.022544758 0.189420710 0.729142821
0.036640549 0.163870439 0.341812222
-0.016707033 0.134153338 -0.062492674
0.003803125 -0.100366813 0.802490369
-0.039569411 -0.115966630 0.986356061
-0.054616478 -0.046640769 1.272455866
0.005034565 0.293854344 1.277973830
0.013307285 0.336389110 0.990216348
0.118269106 0.247316289 0.796185691
0.018928010 0.109815148 1.424862822
0.087184270 0.108990898 1.649624805
p 3
1.165093322 -0.552360331 -0.017766780
1.172469278 -0.525485917 0.357251263
1.075641557 -0.448041521 0.772843823
0.883925272 -0.550098319 0.795791397
0.889165469 -0.565129372 0.404240571
0.931193117 -0.605790237 -0.016794028
1.189017869 -0.449539849 0.993576512
1.394019273 -0.477555387 1.170936061
1.163223097 -0.466242148 1.373336869
0.845541604 -0.615853713 1.370636239
0.754491286 -0.784492549 1.166460485
0.789241662 -0.566981723 1.003925949
0.999738094 -0.498859297 1.477526748
0.956067533 -0.448437305 1.644764442
frame 344
p 1
-0.077486859 -0.093189184 -0.057066590
0.004226982 -0.055937469 0.337781074
-0.043064613 -0.005899152 0.712987930
0.022544758 0.189420710 0.729142821
0.036640549 0.163870439 0.341812222
-0.016707033 0.134153338 -0.062492674
0.003803125 -0.100366813 0.802490369
-0.039569411 -0.115966630 0.986356061
-0.054616478 -0.046640769 1.272455866
0.005034565 0.293854344 1.277973830
0.013307285 0.336389110 0.990216348
0.118269106 0.247316289 0.796185691
0.011088858 0.125329331 1.430054786
0.090346444 0.102933194 1.647960530
p 3
1.165093322 -0.552360331 -0.017766780
1.172469278 -0.525485917 0.357251263
1.075641557 -0.448041521 0.772843823
0.883925272 -0.550098319 0.795791397
0.889165469 -0.565129372 0.404240571
0.931193117 -0.605790237 -0.016794028
1.189017869 -0.449539849 0.993576512
1.394019273 -0.477555387 1.170936061
1.163223097 -0.466242148 1.373336869
0.845541604 -0.615853713 1.370636239
0.754491286 -0.784492549 1.166460485
0.789241662 -0.566981723 1.003925949
0.999738094 -0.498859297 1.477526748
0.956067533 -0.448437305 1.644764442
frame 345
p 1
-0.077486859 -0.093189184 -0.057066590
0.004226982 -0.055937469 0.337781074
-0.043064613 -0.005899152 0.712987930
0.022544758 0.189420710 0.729142821
0.036640549 0.163870439 0.341812222
-0.016707033 0.134153338 -0.062492674
0.003803125 -0.100366813 0.802490369
-0.039569411 -0.115966630 0.986356061
-0.054616478 -0.046640769 1.272455866
0.005034565 0.293854344 1.277973830
0.013307285 0.336389110 0.990216348
0.118269106 0.247316289 0.796185691
0.007161483 0.131421054 1.433700805
0.075739845 0.125112349 1.659542773
p 3
1.165093322 -0.552360331 -0.017766780
1.172469278 -0.525485917 0.357251263
1.075641557 -0.448041521 0.772843823
0.883925272 -0.550098319 0.795791397
0.889165469 -0.565129372 0.404240571
0.931193117 -0.605790237 -0.016794028
1.189017869 -0.449539849 0.993576512
1.394019273 -0.477555387 1.170936061
1.163223097 -0.466242148 1.373336869
0.845541604 -0.615853713 1.370636239
0.759077113 -0.778441073 1.155459068
0.801412844 -0.553319789 0.980024724
1.000989679 -0.504718523 1.481300048
0.960362493 -0.468886599 1.658332139
frame 346
p 1
-0.077486859 -0.093189184 -0.057066590
0.004226982 -0.055937469 0.337781074
-0.043064613 -0.005899152 0.712987930
0.022544758 0.189420710 0.729142821
0.036640549 0.163870439 0.341812222
-0.016707033 0.134153338 -0.062492674
0.003803125 -0.100366813 0.802490369
-0.039569411 -0.115966630 0.986356061
-0.054616478 -0.046640769 1.272455866
0.005034565 0.293854344 1.277973830
0.013307285 0.336389110 0.990216348
0.118269106 0.247316289 0.796185691
0.007588265 0.136372528 1.431938801
0.076868962 0.142898012 1.652841912
p 3
1.165093322 -0.552360331 -0.017766780
1.172469278 -0.525485917 0.357251263
1.075641557 -0.448041521 0.772843823
0.883925272 -0.550098319 0.795791397
0.889165469 -0.565129372 0.404240571
0.931193117 -0.605790237 -0.016794028
1.189017869 -0.449539849 0.993576512
1.394019273 -0.477555387 1.170936061
1.163223097 -0.466242148 1.373336869
0.845541604 -0.615853713 1.370636239
0.759077113 -0.778441073 1.155459068
0.801412844 -0.553319789 0.980024724
1.000989679 -0.504718523 1.481300048
0.960362493 -0.468886599 1.658332139
frame 347
p 1
-0.077486859 -0.093189184 -0.057066590
0.004226982 -0.055937469 0.337781074
-0.043064613 -0.005899152 0.712987930
0.022544758 0.189420710 0.729142821
0.036640549 0.163870439 0.341812222
-0.016707033 0.134153338 -0.062492674
0.003803125 -0.100366813 0.802490369
-0.039569411 -0.115966630 0.986356061
-0.054616478 -0.046640769 1.272455866
0.005034565 0.293854344 1.277973830
0.013307285 0.336389110 0.990216348
0.118269106 0.247316289 0.796185691
0.006643218 0.137399577 1.430221565
0.073585590 0.146535954 1.646678744
p 3
1.165093322 -0.552360331 -0.017766780
1.172469278 -0.525485917 0.357251263
1.075641557 -0.448041521 0.772843823
0.883925272 -0.550098319 0.795791397
0.889165469 -0.565129372 0.404240571
0.931193117 -0.605790237 -0.016794028
1.189017869 -0.449539849 0.993576512
1.394019273 -0.477555387 1.170936061
1.163223097 -0.466242148 1.373336869
0.845541604 -0.615853713 1.370636239
0.759077113 -0.778441073 1.155459068
0.801412844 -0.553319789 0.980024724
1.000989679 -0.504718523 1.481300048
0.960362493 -0.468886599 1.658332139
frame 348
p 1
-0.085425821 -0.075978899 -0.045130781
0.004226982 -0.055937469 0.337781074
-0.043064613 -0.005899152 0.712987930
0.022544758 0.189420710 0.729142821
0.036640549 0.163870439 0.341812222
-0.016707033 0.134153338 -0.062492674
0.003803125 -0.100366813 0.802490369
-0.048425883 -0.104121730 1.002570437
-0.054616478 -0.046640769 1.272455866
0.005034565 0.293854344 1.277973830
0.013307285 0.336389110 0.990216348
0.118269106 0.247316289 0.796185691
0.006643218 0.137399577 1.430221565
0.073585590 0.146535954 1.646678744
p 3
1.165093322 -0.552360331 -0.017766780
1.172469278 -0.525485917 0.357251263
1.080371709 -0.448317941 0.771946805
0.888528309 -0.550507413 0.794893258
0.889165469 -0.565129372 0.404240571
0.931193117 -0.605790237 -0.016794028
1.193736660 -0.449819779 0.992889439
1.398907036 -0.477865845 1.170387203
1.167635551 -0.466514367 1.372983752
0.849713734 -0.616282731 1.370274614
0.729279885 -0.718288638 1.170593471
0.787426397 -0.516391712 0.981021235
1.005154382 -0.505016588 1.481038024
0.964328604 -0.469145228 1.658207936
frame 349
p 1
-0.085425821 -0.075978899 -0.045130781
0.004226982 -0.055937469 0.337781074
-0.043064613 -0.005899152 0.712987930
0.007708999 0.216229087 0.746110286
0.036640549 0.163870439 0.341812222
-0.016707033 0.134153338 -0.062492674
0.003803125 -0.100366813 0.802490369
-0.048425883 -0.104121730 1.002570437
-0.054616478 -0.046640769 1.272455866
0.005034565 0.293854344 1.277973830
0.013307285 0.336389110 0.990216348
0.118269106 0.247316289 0.796185691
0.006643218 0.137399577 1.430221565
0.073585590 0.146535954 1.646678744
p 3
1.165093322 -0.552360331 -0.017766780
1.172469278 -0.525485917 0.357251263
1.092161769 -0.450314854 0.771432927
0.899948801 -0.552763383 0.794396784
0.889165469 -0.565129372 0.404240571
0.931193117 -0.605790237 -0.016794028
1.205362666 -0.451677669 0.992925897
1.410848870 -0.479729386 1.170799794
1.178504434 -0.468230652 1.373787882
0.860062996 -0.618368052 1.371048736
0.739881707 -0.720762940 1.170952556
0.798078723 -0.518405495 0.981006957
1.015469985 -0.506766442 1.482030186
0.974130148 -0.470716361 1.659495627
frame 350
p 1
-0.085425821 -0.075978899 -0.045130781
0.004226982 -0.055937469 0.337781074
-0.047208808 0.002925271 0.717731259
0.007708999 0.216229087 0.746110286
0.036640549 0.163870439 0.341812222
-0.016707033 0.134153338 -0.062492674
0.007070502 -0.100359368 0.801784072
-0.063767740 -0.106157892 1.007951041
-0.054616478 -0.046640769 1.272455866
0.005034565 0.293854344 1.277973830
0.013307285 0.336389110 0.990216348
0.118269106 0.247316289 0.796185691
0.006643218 0.137399577 1.430221565
0.073585590 0.146535954 1.646678744
p 3
1.165093322 -0.552360331 -0.017766780
1.183609977 -0.518406488 0.354156256
1.130317814 -0.452518026 0.764218668
0.935077784 -0.549451527 0.778912318
0.909113545 -0.543221802 0.396623023
0.931193117 -0.605790237 -0.016794028
1.205362666 -0.451677669 0.992925897
1.410848870 -0.479729386 1.170799794
1.178504434 -0.468230652 1.373787882
0.860062996 -0.618368052 1.371048736
0.739881707 -0.720762940 1.170952556
0.789347389 -0.503382574 0.984470187
1.015469985 -0.506766442 1.482030186
0.974130148 -0.470716361 1.659495627
frame 351
p 1
-0.085425821 -0.075978899 -0.045130781
0.004226982 -0.055937469 0.337781074
-0.047208808 0.002925271 0.717731259
0.007708999 0.216229087 0.746110286
0.036640549 0.163870439 0.341812222
-0.016707033 0.134153338 -0.062492674
0.003803125 -0.100366813 0.802490369
-0.088067811 -0.106275498 1.012102408
-0.057461850 -0.046707959 1.272771084
0.002373319 0.293531770 1.278233889
0.010494920 0.336014863 0.990653762
0.115176943 0.246991644 0.796793650
0.003987086 0.137179261 1.430402859
0.071013525 0.146313615 1.646737289
p 3
1.165093322 -0.552360331 -0.017766780
1.183609977 -0.518406488 0.354156256
1.130317814 -0.452518026 0.764218668
0.935077784 -0.549451527 0.778912318
0.909113545 -0.543221802 0.396623023
0.931193117 -0.605790237 -0.016794028
1.205362666 -0.451677669 0.992925897
1.407848279 -0.492483946 1.191156072
1.197367817 -0.498908463 1.373673926
0.885069890 -0.647848701 1.351367763
0.739881707 -0.720762940 1.170952556
0.789347389 -0.503382574 0.984470187
1.031898049 -0.529658051 1.476089711
0.967995245 -0.462107028 1.661397802
frame 352
p 1
-0.085425821 -0.075978899 -0.045130781
0.004226982 -0.055937469 0.337781074
-0.047208808 0.002925271 0.717731259
0.007708999 0.216229087 0.746110286
0.016374719 0.162388373 0.348023970
-0.016707033 0.134153338 -0.062492674
0.001464315 -0.113929705 0.823043057
-0.100773801 -0.127616747 1.020068611
-0.065253029 -0.029030942 1.278238688
-0.003897145 0.305029276 1.282700647
0.017601387 0.330470748 0.975099284
0.111070627 0.255010044 0.799355718
-0.000482607 0.145680220 1.433295057
0.054538192 0.176797769 1.655334909
p 3
1.165093322 -0.552360331 -0.017766780
1.183609977 -0.518406488 0.354156256
1.132736296 -0.451314852 0.762038340
0.937431798 -0.548346587 0.776728721
0.909113545 -0.543221802 0.396623023
0.931193117 -0.605790237 -0.016794028
1.207922112 -0.450655633 0.990825912
1.410440730 -0.491471139 1.189133796
1.199714033 -0.497968563 1.371805268
0.887329862 -0.647072454 1.349475343
0.752447253 -0.728177020 1.154388386
0.791621520 -0.502443791 0.982435101
1.049291127 -0.548574098 1.467726702
1.023017315 -0.530695963 1.639490224
frame 353
p 1
-0.085425821 -0.075978899 -0.045130781
0.004226982 -0.055937469 0.337781074
-0.047208808 0.002925271 0.717731259
0.007708999 0.216229087 0.746110286
0.016374719 0.162388373 0.348023970
-0.016707033 0.134153338 -0.062492674
0.025582937 -0.101803317 0.854521373
-0.129843099 -0.133463437 1.041380499
-0.065253029 -0.029030942 1.278238688
-0.003897145 0.305029276 1.282700647
-0.004212773 0.335179593 0.968750776
0.111070627 0.255010044 0.799355718
-0.000482607 0.145680220 1.433295057
0.054538192 0.176797769 1.655334909
p 3
1.165093322 -0.552360331 -0.017766780
1.158974763 -0.488763331 0.375442411
1.107758653 -0.419612283 0.778465109
0.937431798 -0.548346587 0.776728721
0.909113545 -0.543221802 0.396623023
0.931193117 -0.605790237 -0.016794028
1.207922112 -0.450655633 0.990825912
1.410440730 -0.491471139 1.189133796
1.199714033 -0.497968563 1.371805268
0.887329862 -0.647072454 1.349475343
0.752447253 -0.728177020 1.154388386
0.791621520 -0.502443791 0.982435101
1.049291127 -0.548574098 1.467726702
1.023017315 -0.530695963 1.639490224
frame 354
p 1
-0.085425821 -0.075978899 -0.045130781
0.004226982 -0.055937469 0.337781074
-0.047208808 0.002925271 0.717731259
0.007708999 0.216229087 0.746110286
0.016374719 0.162388373 0.348023970
-0.016707033 0.134153338 -0.062492674
0.008909912 -0.108350513 0.898007209
-0.139240648 -0.143076946 1.066965422
-0.065253029 -0.029030942 1.278238688
-0.003897145 0.305029276 1.282700647
-0.004212773 0.335179593 0.968750776
0.111070627 0.255010044 0.799355718
-0.002673530 0.149207138 1.435217960
0.046547045 0.189377697 1.661338798
p 3
1.165093322 -0.552360331 -0.017766780
1.158974763 -0.488763331 0.375442411
1.107758653 -0.419612283 0.778465109
0.937431798 -0.548346587 0.776728721
0.909113545 -0.543221802 0.396623023
0.931193117 -0.605790237 -0.016794028
1.207922112 -0.450655633 0.990825912
1.410440730 -0.491471139 1.189133796
1.199714033 -0.497968563 1.371805268
0.887329862 -0.647072454 1.349475343
0.752447253 -0.728177020 1.154388386
0.791621520 -0.502443791 0.982435101
1.049291127 -0.548574098 1.467726702
1.023017315 -0.530695963 1.639490224
frame 355
p 1
-0.085425821 -0.075978899 -0.045130781
0.004226982 -0.055937469 0.337781074
-0.047208808 0.002925271 0.717731259
0.007708999 0.216229087 0.746110286
0.016374719 0.162388373 0.348023970
-0.016707033 0.134153338 -0.062492674
0.008909912 -0.108350513 0.898007209
-0.139240648 -0.143076946 1.066965422
-0.065253029 -0.029030942 1.278238688
-0.003897145 0.305029276 1.282700647
-0.004212773 0.335179593 0.968750776
0.111070627 0.255010044 0.799355718
0.006060125 0.148591395 1.436989097
0.076658471 0.187487062 1.668275579
p 3
1.165093322 -0.552360331 -0.017766780
1.158974763 -0.488763331 0.375442411
1.107758653 -0.419612283 0.778465109
0.937431798 -0.548346587 0.776728721
0.909113545 -0.543221802 0.396623023
0.931193117 -0.605790237 -0.016794028
1.213001584 -0.448580333 0.986634241
1.410440730 -0.491471139 1.189133796
1.199714033 -0.497968563 1.371805268
0.887329862 -0.647072454 1.349475343
0.752447253 -0.728177020 1.154388386
0.791621520 -0.502443791 0.982435101
1.049291127 -0.548574098 1.467726702
1.023017315 -0.530695963 1.639490224
frame 356
p 1
-0.085425821 -0.075978899 -0.045130781
0.004226982 -0.055937469 0.337781074
-0.047208808 0.002925271 0.717731259
0.007708999 0.216229087 0.746110286
0.016374719 0.162388373 0.348023970
-0.016707033 0.134153338 -0.062492674
0.008909912 -0.108350513 0.898007209
-0.139240648 -0.143076946 1.066965422
-0.065253029 -0.029030942 1.278238688
-0.003897145 0.305029276 1.282700647
-0.004212773 0.335179593 0.968750776
0.111070627 0.255010044 0.799355718
0.006060125 0.148591395 1.436989097
0.076658471 0.187487062 1.668275579
p 3
1.165093322 -0.552360331 -0.017766780
1.158974763 -0.488763331 0.375442411
1.107758653 -0.419612283 0.778465109
0.937431798 -0.548346587 0.776728721
0.909113545 -0.543221802 0.396623023
0.931193117 -0.605790237 -0.016794028
1.213001584 -0.448580333 0.986634241
1.410440730 -0.491471139 1.189133796
1.199714033 -0.497968563 1.371805268
0.887329862 -0.647072454 1.349475343
0.752447253 -0.728177020 1.154388386
0.791621520 -0.502443791 0.982435101
1.049291127 -0.548574098 1.467726702
1.023017315 -0.530695963 1.639490224
frame 357
p 1
-0.085425821 -0.075978899 -0.045130781
0.004226982 -0.055937469 0.337781074
-0.047208808 0.002925271 0.717731259
0.007708999 0.216229087 0.746110286
0.016374719 0.162388373 0.348023970
-0.016707033 0.134153338 -0.062492674
0.025057280 -0.108363891 0.894841683
-0.119914367 -0.142241900 1.062472053
-0.065253029 -0.029030942 1.278238688
-0.000241932 0.298904000 1.279456911
-0.004212773 0.335179593 0.968750776
0.111070627 0.255010044 0.799355718
0.006060125 0.148591395 1.436989097
0.076658471 0.187487062 1.668275579
p 3
1.165093322 -0.552360331 -0.017766780
1.158974763 -0.488763331 0.375442411
1.110080444 -0.421048144 0.779741504
0.924030799 -0.525568457 0.786864105
0.909113545 -0.543221802 0.396623023
0.931193117 -0.605790237 -0.016794028
1.215205344 -0.449896551 0.988039797
1.412699695 -0.492779249 1.190636107
1.201824477 -0.499196825 1.373321659
0.889338978 -0.648318874 1.350982195
0.754509778 -0.729533008 1.155840349
0.793644151 -0.503728442 0.983789202
1.046761367 -0.543486261 1.470890821
1.008926931 -0.509608726 1.645970674
frame 358
p 1
-0.085425821 -0.075978899 -0.045130781
0.004226982 -0.055937469 0.337781074
-0.047208808 0.002925271 0.717731259
0.007708999 0.216229087 0.746110286
0.016374719 0.162388373 0.348023970
-0.016707033 0.134153338 -0.062492674
0.021540699 -0.119165359 0.872103570
-0.118405648 -0.139397969 1.058089508
-0.063959085 -0.033796219 1.279014585
-0.000241932 0.298904000 1.279456911
-0.004212773 0.335179593 0.968750776
0.111070627 0.255010044 0.799355718
0.007526578 0.149681677 1.432845755
0.081926056 0.191345278 1.653983165
p 3
1.165093322 -0.552360331 -0.017766780
1.158974763 -0.488763331 0.375442411
1.107476218 -0.417159723 0.780798984
0.921742618 -0.521771055 0.787865024
0.909113545 -0.543221802 0.396623023
0.931193117 -0.605790237 -0.016794028
1.212292506 -0.445789750 0.988994542
1.409394647 -0.488417564 1.191464798
1.198883000 -0.494995319 1.373974153
0.861031418 -0.609591527 1.367800090
0.752418765 -0.725649025 1.156572495
0.791455545 -0.499975949 0.984655342
1.044091596 -0.539381026 1.471449828
1.006250464 -0.505509184 1.646392312
frame 359
p 1
-0.085425821 -0.075978899 -0.045130781
0.004226982 -0.055937469 0.337781074
-0.047208808 0.002925271 0.717731259
0.007708999 0.216229087 0.746110286
0.016374719 0.162388373 0.348023970
-0.016707033 0.134153338 -0.062492674
0.024805791 -0.119182007 0.871442891
-0.115428288 -0.139403788 1.057610457
-0.061131883 -0.033719550 1.278705822
0.002414034 0.299228871 1.279197759
-0.015268706 0.335614870 0.968082000
0.114154046 0.255339447 0.798750221
0.016675043 0.149894262 1.433217287
0.106932865 0.191823332 1.656383947
p 3
1.165093322 -0.552360331 -0.017766780
1.158974763 -0.488763331 0.375442411
1.104871395 -0.413274356 0.781855861
0.919453377 -0.517976046 0.788865657
0.909113545 -0.543221802 0.396623023
0.931193117 -0.605790237 -0.016794028
1.227342960 -0.459770504 0.975609143
1.406090031 -0.484059808 1.192293001
1.195942405 -0.490797804 1.374626096
0.861031418 -0.609591527 1.367800090
0.750327293 -0.721767533 1.157304090
0.824521488 -0.508999754 0.995091775
1.035494168 -0.525593294 1.472567697
0.982968508 -0.467521588 1.647658780
frame 360
p 1
-0.085425821 -0.075978899 -0.045130781
0.004226982 -0.055937469 0.337781074
-0.044722697 -0.007502094 0.720575068
0.017155742 0.197224141 0.737898735
0.016374719 0.162388373 0.348023970
-0.016707033 0.134153338 -0.062492674
0.029270972 -0.123602573 0.860474067
-0.094844169 -0.148570449 1.047066296
-0.061131883 -0.033719550 1.278705822
0.002414034 0.299228871 1.279197759
-0.015268706 0.335614870 0.968082000
0.114154046 0.255339447 0.798750221
0.015650130 0.152635857 1.433120313
0.103079742 0.201622566 1.655627357
p 3
1.165093322 -0.552360331 -0.017766780
1.158974763 -0.488763331 0.375442411
1.128659804 -0.437559944 0.759679581
0.944299459 -0.557478967 0.775996971
0.942744389 -0.589437803 0.365581168
0.931193117 -0.605790237 -0.016794028
1.227342960 -0.459770504 0.975609143
1.406090031 -0.484059808 1.192293001
1.195942405 -0.490797804 1.374626096
0.861031418 -0.609591527 1.367800090
0.748576070 -0.731514247 1.170674786
0.847518534 -0.540987016 0.978550204
1.035494168 -0.525593294 1.472567697
0.982968508 -0.467521588 1.647658780
frame 361
p 1
-0.085425821 -0.075978899 -0.045130781
0.004226982 -0.055937469 0.337781074
-0.044722697 -0.007502094 0.720575068
0.017155742 0.197224141 0.737898735
0.016374719 0.162388373 0.348023970
-0.016707033 0.134153338 -0.062492674
0.029270972 -0.123602573 0.860474067
-0.087691303 -0.166097238 1.040958565
-0.051067535 -0.057043881 1.272058651
-0.021623436 0.282582017 1.270601374
-0.033546600 0.332249634 0.972254247
0.124595870 0.237548033 0.788823180
0.000952673 0.158793500 1.422639547
0.082261756 0.210463419 1.638251837
p 3
1.165093322 -0.552360331 -0.017766780
1.158974763 -0.488763331 0.375442411
1.133955275 -0.445417884 0.757520773
0.948872409 -0.565126220 0.773985534
0.942744389 -0.589437803 0.365581168
0.931193117 -0.605790237 -0.016794028
1.233234501 -0.468045143 0.973671057
1.412699695 -0.492779249 1.190636107
1.201824477 -0.499196825 1.373321659
0.865712786 -0.617537252 1.366573167
0.752680721 -0.739238695 1.169235889
0.852103328 -0.548684646 0.976784400
1.040834311 -0.533787355 1.471451783
0.988323245 -0.475668611 1.646818864
frame 362
p 1
-0.085425821 -0.075978899 -0.045130781
0.004226982 -0.055937469 0.337781074
-0.044722697 -0.007502094 0.720575068
0.017155742 0.197224141 0.737898735
0.016374719 0.162388373 0.348023970
-0.016707033 0.134153338 -0.062492674
0.029270972 -0.123602573 0.860474067
-0.087691303 -0.166097238 1.040958565
-0.051067535 -0.057043881 1.272058651
-0.021623436 0.282582017 1.270601374
-0.031073873 0.327120066 0.970755429
0.125969689 0.234861818 0.787963701
0.000952673 0.158793500 1.422639547
0.082261756 0.210463419 1.638251837
p 3
1.165093322 -0.552360331 -0.017766780
1.197255386 -0.529883064 0.336243894
1.140980886 -0.465499228 0.765077492
0.948872409 -0.565126220 0.773985534
0.942744389 -0.589437803 0.365581168
0.931193117 -0.605790237 -0.016794028
1.244730282 -0.475260928 0.959256900
1.412344134 -0.482868057 1.179853623
1.173668727 -0.462865578 1.383610640
0.865712786 -0.617537252 1.366573167
0.752680721 -0.739238695 1.169235889
0.852103328 -0.548684646 0.976784400
1.024276759 -0.484810765 1.481337290
1.008279119 -0.419732493 1.659024820
frame 363
p 1
-0.085444294 -0.137282050 -0.025234775
0.059843892 -0.084951944 0.318809115
0.006773882 -0.043036826 0.739056801
0.011482316 0.170585331 0.743127845
0.016374719 0.162388373 0.348023970
-0.016707033 0.134153338 -0.062492674
0.039288644 -0.110772255 0.893640301
-0.083470118 -0.180361970 1.053751707
0.014985454 -0.079057520 1.292993516
-0.033599285 0.280335836 1.273024774
-0.020126436 0.307533397 0.964306635
0.127440967 0.233954392 0.788963548
0.002286718 0.158072930 1.423802354
0.083528668 0.209837802 1.639452464
p 3
1.165093322 -0.552360331 -0.017766780
1.197255386 -0.529883064 0.336243894
1.140980886 -0.465499228 0.765077492
0.948872409 -0.565126220 0.773985534
0.942744389 -0.589437803 0.365581168
0.931193117 -0.605790237 -0.016794028
1.244730282 -0.475260928 0.959256900
1.412344134 -0.482868057 1.179853623
1.173668727 -0.462865578 1.383610640
0.865712786 -0.617537252 1.366573167
0.752680721 -0.739238695 1.169235889
0.852103328 -0.548684646 0.976784400
1.024276759 -0.484810765 1.481337290
1.008279119 -0.419732493 1.659024820
frame 364
p 1
-0.085444294 -0.137282050 -0.025234775
0.068488546 -0.104192924 0.311542816
-0.007647889 -0.037778485 0.735519439
0.011482316 0.170585331 0.743127845
0.021819578 0.152941989 0.339910527
-0.016707033 0.134153338 -0.062492674
0.036247334 -0.118567791 0.898093005
-0.088061866 -0.181235107 1.055905361
0.010554861 -0.079963466 1.294832436
-0.033174381 0.265314071 1.277029010
-0.024443984 0.306040464 0.966243889
0.122676899 0.232421165 0.791201845
0.004339914 0.143961689 1.422788969
0.102199279 0.162353865 1.633983439
p 3
1.165093322 -0.552360331 -0.017766780
1.197255386 -0.529883064 0.336243894
1.150581414 -0.466049738 0.763276600
0.958216018 -0.565926016 0.772164685
0.942744389 -0.589437803 0.365581168
0.931193117 -0.605790237 -0.016794028
1.254433020 -0.475890183 0.957792226
1.422117954 -0.483470568 1.178780970
1.182466541 -0.463380045 1.382929070
0.874124792 -0.618403545 1.365839125
0.761274680 -0.740375228 1.168144376
0.860971736 -0.549493119 0.975368694
1.032626833 -0.485365794 1.480816136
1.016208328 -0.420136581 1.658786835
frame 365
p 1
-0.069914611 -0.181239584 -0.030952819
0.068421223 -0.113097215 0.325631576
-0.003375426 -0.046775904 0.730765282
0.016058090 0.161872807 0.738276875
0.021819578 0.152941989 0.339910527
-0.016707033 0.134153338 -0.062492674
0.024481980 -0.137280511 0.919874002
-0.098625207 -0.197074051 1.069684830
0.011693993 -0.111313798 1.292414732
-0.044006698 0.260780935 1.283030081
-0.031879862 0.289493818 0.973738371
0.114501626 0.215237307 0.799427229
0.004573340 0.117192610 1.422053054
0.087501894 0.167039133 1.641283690
p 3
1.165093322 -0.552360331 -0.017766780
1.197255386 -0.529883064 0.336243894
1.150581414 -0.466049738 0.763276600
0.958216018 -0.565926016 0.772164685
0.942744389 -0.589437803 0.365581168
0.931193117 -0.605790237 -0.016794028
1.254433020 -0.475890183 0.957792226
1.422117954 -0.483470568 1.178780970
1.182466541 -0.463380045 1.382929070
0.874124792 -0.618403545 1.365839125
0.761274680 -0.740375228 1.168144376
0.860971736 -0.549493119 0.975368694
1.024947765 -0.482448423 1.477241447
0.989737790 -0.410257448 1.645833113
frame 366
p 1
-0.059556158 -0.217895452 -0.015679584
0.076493312 -0.121616242 0.333215545
-0.003375426 -0.046775904 0.730765282
0.016058090 0.161872807 0.738276875
0.021819578 0.152941989 0.339910527
-0.016707033 0.134153338 -0.062492674
0.058768655 -0.150277090 0.922981696
-0.060788768 -0.231613056 1.068584311
0.022141082 -0.131482298 1.282976893
-0.029131589 0.228574111 1.275785742
-0.051990956 0.266995906 0.984229593
0.110847901 0.193854693 0.789062644
0.019173044 0.100983781 1.428301107
0.088076107 0.155611949 1.640798890
p 3
1.165093322 -0.552360331 -0.017766780
1.197255386 -0.529883064 0.336243894
1.150581414 -0.466049738 0.763276600
0.958216018 -0.565926016 0.772164685
0.942744389 -0.589437803 0.365581168
0.931193117 -0.605790237 -0.016794028
1.254433020 -0.475890183 0.957792226
1.422117954 -0.483470568 1.178780970
1.182466541 -0.463380045 1.382929070
0.874124792 -0.618403545 1.365839125
0.761274680 -0.740375228 1.168144376
0.860971736 -0.549493119 0.975368694
1.022885839 -0.478636350 1.477001815
0.982584885 -0.397001127 1.644615260
frame 367
p 1
-0.003954907 -0.243861600 -0.031252384
0.061635675 -0.130173909 0.341052635
0.008456473 -0.072930424 0.718776914
0.022033559 0.148775715 0.734094632
0.030398266 0.134856400 0.332744321
-0.014299417 0.129132988 -0.064870822
0.064060654 -0.163526826 0.910329669
-0.059872083 -0.239041300 1.063656199
0.021278431 -0.144596887 1.289676759
-0.022528697 0.212447811 1.266995040
-0.049797533 0.254525077 0.983174256
0.114803949 0.178169058 0.786926389
0.033779752 0.066292197 1.416979408
0.096028224 0.124354660 1.645215178
p 3
1.165093322 -0.552360331 -0.017766780
1.197255386 -0.529883064 0.336243894
1.150581414 -0.466049738 0.763276600
0.958216018 -0.565926016 0.772164685
0.942744389 -0.589437803 0.365581168
0.931193117 -0.605790237 -0.016794028
1.254433020 -0.475890183 0.957792226
1.422117954 -0.483470568 1.178780970
1.182466541 -0.463380045 1.382929070
0.874124792 -0.618403545 1.365839125
0.761274680 -0.740375228 1.168144376
0.860971736 -0.549493119 0.975368694
1.022885839 -0.478636350 1.477001815
0.982584885 -0.397001127 1.644615260
frame 368
p 1
-0.036844604 -0.261581595 -0.028329592
0.081459742 -0.155723778 0.344849663
0.016112154 -0.095304571 0.716138356
0.031375256 0.129490601 0.725869014
0.030398266 0.134856400 0.332744321
-0.014299417 0.129132988 -0.064870822
0.070880604 -0.182928625 0.905269847
-0.052070902 -0.261765658 1.056555193
0.027305517 -0.167095476 1.290520523
-0.010135644 0.179697701 1.263083868
-0.049438392 0.245448257 0.988238879
0.115559707 0.173384979 0.785349923
0.037934179 0.053199160 1.416003684
0.115079477 0.080131846 1.640272503
p 3
1.165093322 -0.552360331 -0.017766780
1.157904147 -0.525372959 0.344742542
1.114682488 -0.462622092 0.768296682
0.925520147 -0.565699289 0.782001790
0.942744389 -0.589437803 0.365581168
0.931193117 -0.605790237 -0.016794028
1.254433020 -0.475890183 0.957792226
1.422117954 -0.483470568 1.178780970
1.182466541 -0.463380045 1.382929070
0.874124792 -0.618403545 1.365839125
0.761274680 -0.740375228 1.168144376
0.860971736 -0.549493119 0.975368694
1.022885839 -0.478636350 1.477001815
0.982584885 -0.397001127 1.644615260
frame 369
p 1
-0.045579249 -0.235924994 -0.026323784
0.087636574 -0.171397587 0.341352037
0.021453548 -0.108834876 0.712079418
0.037574335 0.112852962 0.724762855
0.040147225 0.118367846 0.317411175
-0.014299417 0.129132988 -0.064870822
0.065869172 -0.194353205 0.894297836
-0.021952605 -0.284829204 1.055869854
0.030207475 -0.191818262 1.288915785
-0.029282925 0.144682958 1.285224438
-0.067821303 0.205896652 1.002886154
0.102919226 0.164477531 0.811508149
0.047696315 0.007142872 1.417726444
0.117699746 0.044281588 1.650509924
p 3
1.187447230 -0.554334497 -0.025114901
1.157904147 -0.525372959 0.344742542
1.112114370 -0.458720200 0.769353118
0.923246636 -0.561879932 0.783001670
0.942744389 -0.589437803 0.365581168
0.931193117 -0.605790237 -0.016794028
1.251433850 -0.471716989 0.958780666
1.418756088 -0.479088060 1.179625040
1.179534762 -0.459213475 1.383574005
0.871774156 -0.614423433 1.366454154
0.759213424 -0.736505826 1.168865660
0.833166963 -0.536648018 0.970128190
1.020225973 -0.474589520 1.477557374
0.979940267 -0.393018241 1.645042438
frame 370
p 1
-0.034759957 -0.260144963 -0.042986868
0.040274837 -0.170657208 0.356152596
0.034905269 -0.144793886 0.718691511
0.043620304 0.096216480 0.723704548
0.046838842 0.101915348 0.315336018
-0.012345166 0.125778042 -0.068705921
0.093189704 -0.236759215 0.888725662
-0.012574961 -0.316385845 1.038352323
0.022363586 -0.226594215 1.279271766
-0.038387192 0.109693008 1.285675686
-0.074415310 0.167148613 0.996468359
0.096098580 0.132723003 0.794822093
0.032992759 -0.014536572 1.418538134
0.104879581 0.018017573 1.653460290
p 3
1.187447230 -0.554334497 -0.025114901
1.157904147 -0.525372959 0.344742542
1.112114370 -0.458720200 0.769353118
0.923246636 -0.561879932 0.783001670
0.942744389 -0.589437803 0.365581168
0.931193117 -0.605790237 -0.016794028
1.251433850 -0.471716989 0.958780666
1.418756088 -0.479088060 1.179625040
1.179534762 -0.459213475 1.383574005
0.871774156 -0.614423433 1.366454154
0.765433873 -0.742872314 1.176681374
0.833166963 -0.536648018 0.970128190
1.020225973 -0.474589520 1.477557374
0.979940267 -0.393018241 1.645042438
frame 371
p 1
-0.035466262 -0.254037162 -0.051251539
0.044478171 -0.208817001 0.358068106
0.048165335 -0.177998169 0.708846971
0.030849345 0.075009962 0.705167854
0.042631544 0.084700820 0.332300264
0.003465304 0.116612343 -0.064088476
0.101602609 -0.253551126 0.880330757
0.021543427 -0.347134025 1.035600240
0.066338729 -0.263101125 1.282734224
-0.042389583 0.079453265 1.290305458
-0.075807955 0.134223644 0.992533678
0.087490447 0.112872513 0.796900567
0.034842207 -0.049823210 1.413847239
0.105474610 -0.010107522 1.650525568
p 3
1.187447230 -0.554334497 -0.025114901
1.157904147 -0.525372959 0.344742542
1.112114370 -0.458720200 0.769353118
0.923246636 -0.561879932 0.783001670
0.942744389 -0.589437803 0.365581168
0.931193117 -0.605790237 -0.016794028
1.251433850 -0.471716989 0.958780666
1.418756088 -0.479088060 1.179625040
1.179534762 -0.459213475 1.383574005
0.871774156 -0.614423433 1.366454154
0.765433873 -0.742872314 1.176681374
0.833166963 -0.536648018 0.970128190
1.020225973 -0.474589520 1.477557374
0.979940267 -0.393018241 1.645042438
frame 372
p 1
-0.035812688 -0.254878109 -0.047280013
0.046005034 -0.221386074 0.368612069
0.048165335 -0.177998169 0.708846971
0.028177930 0.027326974 0.701628234
0.044557377 0.078568270 0.334273159
0.004447727 0.113214050 -0.061219741
0.078978270 -0.255572223 0.889324397
0.029856739 -0.366008134 1.034250541
0.084524770 -0.290984584 1.277725473
-0.048060066 0.051297921 1.285498352
-0.087393691 0.108708386 0.999451586
0.090200150 0.063644225 0.783269547
0.025634446 -0.070992289 1.412954587
0.102456325 -0.038620139 1.645528547
p 3
1.187447230 -0.554334497 -0.025114901
1.157904147 -0.525372959 0.344742542
1.112114370 -0.458720200 0.769353118
0.923246636 -0.561879932 0.783001670
0.942744389 -0.589437803 0.365581168
0.931193117 -0.605790237 -0.016794028
1.251433850 -0.471716989 0.958780666
1.418756088 -0.479088060 1.179625040
1.179534762 -0.459213475 1.383574005
0.871774156 -0.614423433 1.366454154
0.765433873 -0.742872314 1.176681374
0.833166963 -0.536648018 0.970128190
1.020225973 -0.474589520 1.477557374
0.979940267 -0.393018241 1.645042438
frame 373
p 1
-0.035812688 -0.254878109 -0.047280013
0.022108140 -0.224346615 0.380435877
0.019525681 -0.216661460 0.726340712
0.023681820 -0.001410436 0.702650166
0.044557377 0.078568270 0.334273159
0.004447727 0.113214050 -0.061219741
0.120074034 -0.279849618 0.875923819
0.043913374 -0.382498251 1.030882634
0.100955733 -0.309660829 1.269047403
-0.061391276 0.019334404 1.293203023
-0.125480132 0.076471351 0.999125209
0.068684031 0.048230874 0.791839493
0.022536533 -0.113763392 1.403691781
0.094380537 -0.065954032 1.640681891
p 3
1.187447230 -0.554334497 -0.025114901
1.157904147 -0.525372959 0.344742542
1.112114370 -0.458720200 0.769353118
0.923246636 -0.561879932 0.783001670
0.942744389 -0.589437803 0.365581168
0.931193117 -0.605790237 -0.016794028
1.251433850 -0.471716989 0.958780666
1.418756088 -0.479088060 1.179625040
1.179534762 -0.459213475 1.383574005
0.871774156 -0.614423433 1.366454154
0.765433873 -0.742872314 1.176681374
0.833166963 -0.536648018 0.970128190
1.015869476 -0.475025840 1.478916005
0.964916099 -0.394689015 1.649524079
frame 374
p 1
-0.035812688 -0.254878109 -0.047280013
0.011202556 -0.260707913 0.364102415
0.031280171 -0.245545313 0.715932199
0.028531099 -0.019069413 0.705473761
0.056244370 0.055640846 0.320944342
-0.012815254 0.091080937 -0.042514649
0.134033866 -0.278336122 0.870167441
0.034526932 -0.402732339 1.013614733
0.113009317 -0.336603444 1.275634849
-0.070133708 -0.024848035 1.287951419
-0.139263025 0.026251791 0.996598642
0.056054691 0.026264045 0.779344891
0.016502318 -0.142657221 1.405295532
0.090043400 -0.092325220 1.639869363
p 3
1.187447230 -0.554334497 -0.025114901
1.157904147 -0.525372959 0.344742542
1.106975726 -0.450924742 0.771465075
0.918696889 -0.554247768 0.785001063
0.942744389 -0.589437803 0.365581168
0.931193117 -0.605790237 -0.016794028
1.245436069 -0.463381322 0.960755673
1.412034890 -0.470335285 1.181311565
1.173672806 -0.450890863 1.384862561
0.867073523 -0.606471908 1.367682773
0.761253876 -0.735088313 1.178117509
0.828676489 -0.529029299 0.971890922
1.010556055 -0.466942251 1.480022935
0.959645139 -0.386732668 1.650367139
frame 375
p 1
-0.035812688 -0.254878109 -0.047280013
-0.001412740 -0.267664266 0.351705071
0.006607099 -0.254674812 0.718079234
0.006059181 -0.034385072 0.715862941
0.020120420 0.036371354 0.313303056
-0.008014640 0.080911926 -0.047236094
0.148245397 -0.302429958 0.851694607
0.040118982 -0.417616255 1.010139310
0.126556930 -0.362329710 1.263391678
-0.068230884 -0.048258911 1.285399197
-0.155639771 0.011923438 1.006495889
0.011895602 0.030621650 0.780549335
0.008478130 -0.128453229 1.413470815
0.093253598 -0.097806956 1.637076371
p 3
1.187447230 -0.554334497 -0.025114901
1.157904147 -0.525372959 0.344742542
1.106975726 -0.450924742 0.771465075
0.918696889 -0.554247768 0.785001063
0.942744389 -0.589437803 0.365581168
0.931193117 -0.605790237 -0.016794028
1.245436069 -0.463381322 0.960755673
1.412034890 -0.470335285 1.181311565
1.173672806 -0.450890863 1.384862561
0.867073523 -0.606471908 1.367682773
0.761253876 -0.735088313 1.178117509
0.828676489 -0.529029299 0.971890922
1.010556055 -0.466942251 1.480022935
0.959645139 -0.386732668 1.650367139
frame 376
p 1
-0.035812688 -0.254878109 -0.047280013
-0.001412740 -0.267664266 0.351705071
0.004457462 -0.274046091 0.720851270
-0.008778253 -0.068050799 0.736411764
0.032753657 0.013841273 0.340975584
-0.050212467 0.071442890 -0.035571430
0.155612045 -0.316560173 0.843884462
0.048762441 -0.431743057 0.997365675
0.121028548 -0.370113246 1.274751933
-0.095447796 -0.057311684 1.290121260
-0.176196485 -0.015039534 1.020881811
0.022890809 0.004263389 0.774580775
0.018666820 -0.163367591 1.409678718
0.093655663 -0.108847440 1.626871727
p 3
1.187447230 -0.554334497 -0.025114901
1.157904147 -0.525372959 0.344742542
1.106975726 -0.450924742 0.771465075
0.918696889 -0.554247768 0.785001063
0.942744389 -0.589437803 0.365581168
0.931193117 -0.605790237 -0.016794028
1.245436069 -0.463381322 0.960755673
1.412034890 -0.470335285 1.181311565
1.173672806 -0.450890863 1.384862561
0.867073523 -0.606471908 1.367682773
0.761253876 -0.735088313 1.178117509
0.828676489 -0.529029299 0.971890922
1.010556055 -0.466942251 1.480022935
0.959645139 -0.386732668 1.650367139
frame 377
p 1
-0.035812688 -0.254878109 -0.047280013
-0.001412740 -0.267664266 0.351705071
0.004457462 -0.274046091 0.720851270
-0.008778253 -0.068050799 0.736411764
0.001763408 0.015210759 0.347900745
-0.071721427 0.046963450 -0.028269759
0.131435795 -0.306792841 0.836798232
0.037694930 -0.433108493 0.985278478
0.137230653 -0.402340732 1.261307748
-0.095447796 -0.057311684 1.290121260
-0.174225390 -0.020327741 1.019522050
0.022454314 -0.006779766 0.763238459
0.023916696 -0.194311807 1.406372576
0.072453309 -0.135155310 1.647239507
frame 378
p 1
-0.035812688 -0.254878109 -0.047280013
-0.001412740 -0.267664266 0.351705071
0.011792960 -0.291889703 0.713718556
0.002051904 -0.091691224 0.725265216
-0.014983852 0.011831240 0.362077233
-0.104539393 0.015553571 -0.029012157
0.130288465 -0.336927494 0.840827390
0.028728621 -0.437192776 0.987819599
0.127337599 -0.401597295 1.262488105
-0.093001672 -0.087294119 1.286641998
-0.175330856 -0.038109240 1.012852198
0.012826726 -0.007107218 0.765326607
0.018163517 -0.201553405 1.405750453
0.075142897 -0.161382465 1.643979107
p 3
1.187447230 -0.554334497 -0.025114901
1.157904147 -0.525372959 0.344742542
1.106975726 -0.450924742 0.771465075
0.918696889 -0.554247768 0.785001063
0.942744389 -0.589437803 0.365581168
0.931193117 -0.605790237 -0.016794028
1.245436069 -0.463381322 0.960755673
1.412034890 -0.470335285 1.181311565
1.173672806 -0.450890863 1.384862561
0.867073523 -0.606471908 1.367682773
0.761253876 -0.735088313 1.178117509
0.828676489 -0.529029299 0.971890922
1.010556055 -0.466942251 1.480022935
0.959645139 -0.386732668 1.650367139
frame 379
p 1
-0.030736111 -0.263975490 -0.059792992
0.005704367 -0.283407110 0.341956089
0.011792960 -0.291889703 0.713718556
0.002051904 -0.091691224 0.725265216
-0.035444084 -0.010870871 0.362313757
-0.115410979 -0.028815177 -0.031093280
0.119827365 -0.336391632 0.842959036
0.021912935 -0.447166205 0.988960989
0.117473214 -0.400849213 1.263666848
-0.096992595 -0.104349957 1.289311592
-0.179292389 -0.049742135 1.009590774
0.003224503 -0.007429234 0.767411553
0.012679106 -0.217191093 1.400664077
0.049861970 -0.153078372 1.642976150
frame 380
p 1
-0.030736111 -0.263975490 -0.059792992
0.005704367 -0.283407110 0.341956089
0.019891707 -0.303657903 0.698251517
-0.034817215 -0.099270209 0.734240653
-0.025798328 -0.031127035 0.350485647
-0.105973010 -0.042306705 -0.019325500
0.109809110 -0.345437075 0.852565127
0.011867192 -0.446333735 0.990755433
0.113102776 -0.416903403 1.265324676
-0.101334639 -0.113665961 1.286595482
-0.180422197 -0.069310094 1.004304166
0.001189338 -0.029534032 0.768949436
0.003913932 -0.217029137 1.401408631
0.041621588 -0.153122571 1.643224918
frame 381
p 1
-0.030736111 -0.263975490 -0.059792992
0.005704367 -0.283407110 0.341956089
0.019891707 -0.303657903 0.698251517
-0.055728290 -0.096125174 0.734961650
-0.025798328 -0.031127035 0.350485647
-0.105973010 -0.042306705 -0.019325500
0.102894056 -0.345075691 0.853958024
0.005186262 -0.445776218 0.991949968
0.106542341 -0.416381719 1.266107013
-0.106980217 -0.113708805 1.287210077
-0.186240050 -0.069399778 1.005315398
-0.005202663 -0.029719351 0.770332519
0.000991341 -0.222070131 1.399135574
0.046650585 -0.171430394 1.634744308
frame 382
p 1
-0.030736111 -0.263975490 -0.059792992
0.005704367 -0.283407110 0.341956089
0.019891707 -0.303657903 0.698251517
-0.055728290 -0.096125174 0.734961650
-0.025798328 -0.031127035 0.350485647
-0.105973010 -0.042306705 -0.019325500
0.096045270 -0.353389466 0.853714001
0.001444899 -0.458783909 0.986742093
0.092512289 -0.413735313 1.276701809
-0.115431604 -0.113768513 1.288131401
-0.194693689 -0.073142894 1.009509421
-0.014769425 -0.029992203 0.772404036
-0.007763400 -0.221884589 1.399888215
0.038354018 -0.171419781 1.635016382
frame 383
p 1
-0.030736111 -0.263975490 -0.059792992
0.005704367 -0.283407110 0.341956089
0.019891707 -0.303657903 0.698251517
-0.060439205 -0.117148470 0.725946687
-0.025798328 -0.031127035 0.350485647
-0.131422394 -0.027720453 -0.025824155
0.096115986 -0.363954386 0.853580598
-0.001900274 -0.458489721 0.987346740
0.093939710 -0.421704312 1.271917133
-0.110350541 -0.126449329 1.277179592
-0.195711281 -0.078472193 1.008660527
-0.017952777 -0.030081989 0.773093973
-0.005679796 -0.232502587 1.396033587
0.033634788 -0.167335743 1.636445755
frame 384
p 1
-0.030736111 -0.263975490 -0.059792992
0.005704367 -0.283407110 0.341956089
0.019891707 -0.303657903 0.698251517
-0.060439205 -0.117148470 0.725946687
-0.025798328 -0.031127035 0.350485647
-0.131422394 -0.027720453 -0.025824155
0.096115986 -0.363954386 0.853580598
-0.001900274 -0.458489721 0.987346740
0.093939710 -0.421704312 1.271917133
-0.110350541 -0.126449329 1.277179592
-0.189475864 -0.091607401 0.999894269
-0.017952777 -0.030081989 0.773093973
-0.005679796 -0.232502587 1.396033587
0.033634788 -0.167335743 1.636445755
frame 385
p 1
-0.030736111 -0.263975490 -0.059792992
0.005704367 -0.283407110 0.341956089
0.019891707 -0.303657903 0.698251517
-0.060439205 -0.117148470 0.725946687
-0.025798328 -0.031127035 0.350485647
-0.131422394 -0.027720453 -0.025824155
0.096115986 -0.363954386 0.853580598
-0.001900274 -0.458489721 0.987346740
0.093939710 -0.421704312 1.271917133
-0.110350541 -0.126449329 1.277179592
-0.189475864 -0.091607401 0.999894269
-0.017952777 -0.030081989 0.773093973
-0.005679796 -0.232502587 1.396033587
0.033634788 -0.167335743 1.636445755
frame 386
p 1
-0.030736111 -0.263975490 -0.059792992
0.005704367 -0.283407110 0.341956089
0.019891707 -0.303657903 0.698251517
-0.060439205 -0.117148470 0.725946687
-0.025798328 -0.031127035 0.350485647
-0.131422394 -0.027720453 -0.025824155
0.096115986 -0.363954386 0.853580598
-0.001900274 -0.458489721 0.987346740
0.093939710 -0.421704312 1.271917133
-0.110350541 -0.126449329 1.277179592
-0.189475864 -0.091607401 0.999894269
-0.017952777 -0.030081989 0.773093973
-0.005679796 -0.232502587 1.396033587
0.033634788 -0.167335743 1.636445755
frame 387
p 1
-0.030736111 -0.263975490 -0.059792992
0.005704367 -0.283407110 0.341956089
0.019891707 -0.303657903 0.698251517
-0.060439205 -0.117148470 0.725946687
-0.025798328 -0.031127035 0.350485647
-0.131422394 -0.027720453 -0.025824155
0.096115986 -0.363954386 0.853580598
-0.001900274 -0.458489721 0.987346740
0.093939710 -0.421704312 1.271917133
-0.110350541 -0.126449329 1.277179592
-0.189475864 -0.091607401 0.999894269
-0.017952777 -0.030081989 0.773093973
-0.005679796 -0.232502587 1.396033587
0.033634788 -0.167335743 1.636445755
frame 388
p 1
-0.030736111 -0.263975490 -0.059792992
0.005704367 -0.283407110 0.341956089
0.019891707 -0.303657903 0.698251517
-0.060439205 -0.117148470 0.725946687
-0.025798328 -0.031127035 0.350485647
-0.131422394 -0.027720453 -0.025824155
0.096115986 -0.363954386 0.853580598
-0.001900274 -0.458489721 0.987346740
0.093939710 -0.421704312 1.271917133
-0.110350541 -0.126449329 1.277179592
-0.189475864 -0.091607401 0.999894269
-0.017952777 -0.030081989 0.773093973
-0.005679796 -0.232502587 1.396033587
0.033634788 -0.167335743 1.636445755
frame 389
p 1
-0.030736111 -0.263975490 -0.059792992
0.005704367 -0.283407110 0.341956089
0.019891707 -0.303657903 0.698251517
-0.060439205 -0.117148470 0.725946687
-0.025798328 -0.031127035 0.350485647
-0.131422394 -0.027720453 -0.025824155
0.096115986 -0.363954386 0.853580598
-0.001900274 -0.458489721 0.987346740
0.093939710 -0.421704312 1.271917133
-0.110350541 -0.126449329 1.277179592
-0.189475864 -0.091607401 0.999894269
-0.017952777 -0.030081989 0.773093973
-0.005679796 -0.232502587 1.396033587
0.033634788 -0.167335743 1.636445755
frame 390
p 1
-0.030736111 -0.263975490 -0.059792992
0.005704367 -0.283407110 0.341956089
0.019891707 -0.303657903 0.698251517
-0.060439205 -0.117148470 0.725946687
-0.025798328 -0.031127035 0.350485647
-0.131422394 -0.027720453 -0.025824155
0.096115986 -0.363954386 0.853580598
-0.001900274 -0.458489721 0.987346740
0.093939710 -0.421704312 1.271917133
-0.110350541 -0.126449329 1.277179592
-0.189475864 -0.091607401 0.999894269
-0.017952777 -0.030081989 0.773093973
-0.005679796 -0.232502587 1.396033587
0.033634788 -0.167335743 1.636445755
frame 391
p 1
-0.030736111 -0.263975490 -0.059792992
0.005704367 -0.283407110 0.341956089
0.019891707 -0.303657903 0.698251517
-0.060439205 -0.117148470 0.725946687
-0.025798328 -0.031127035 0.350485647
-0.131422394 -0.027720453 -0.025824155
0.096115986 -0.363954386 0.853580598
-0.001900274 -0.458489721 0.987346740
0.093939710 -0.421704312 1.271917133
-0.110350541 -0.126449329 1.277179592
-0.189475864 -0.091607401 0.999894269
-0.017952777 -0.030081989 0.773093973
-0.005679796 -0.232502587 1.396033587
0.033634788 -0.167335743 1.636445755
frame 392
p 1
-0.030736111 -0.263975490 -0.059792992
0.005704367 -0.283407110 0.341956089
0.019891707 -0.303657903 0.698251517
-0.060439205 -0.117148470 0.725946687
-0.025798328 -0.031127035 0.350485647
-0.131422394 -0.027720453 -0.025824155
0.096115986 -0.363954386 0.853580598
-0.001900274 -0.458489721 0.987346740
0.093939710 -0.421704312 1.271917133
-0.110350541 -0.126449329 1.277179592
-0.189475864 -0.091607401 0.999894269
-0.017952777 -0.030081989 0.773093973
-0.005679796 -0.232502587 1.396033587
0.033634788 -0.167335743 1.636445755
frame 393
p 1
-0.030736111 -0.263975490 -0.059792992
0.005704367 -0.283407110 0.341956089
0.019891707 -0.303657903 0.698251517
-0.060439205 -0.117148470 0.725946687
-0.025798328 -0.031127035 0.350485647
-0.131422394 -0.027720453 -0.025824155
0.096115986 -0.363954386 0.853580598
-0.001900274 -0.458489721 0.987346740
0.093939710 -0.421704312 1.271917133
-0.110350541 -0.126449329 1.277179592
-0.189475864 -0.091607401 0.999894269
-0.017952777 -0.030081989 0.773093973
-0.005679796 -0.232502587 1.396033587
0.033634788 -0.167335743 1.636445755
frame 394
p 1
-0.030736111 -0.263975490 -0.059792992
0.005704367 -0.283407110 0.341956089
0.019891707 -0.303657903 0.698251517
-0.060439205 -0.117148470 0.725946687
-0.025798328 -0.031127035 0.350485647
-0.131422394 -0.027720453 -0.025824155
0.096115986 -0.363954386 0.853580598
-0.001900274 -0.458489721 0.987346740
0.093939710 -0.421704312 1.271917133
-0.116499638 -0.111643067 1.281952487
-0.189475864 -0.091607401 0.999894269
-0.017952777 -0.030081989 0.773093973
-0.005679796 -0.232502587 1.396033587
0.033634788 -0.167335743 1.636445755
frame 395
p 1
-0.030736111 -0.263975490 -0.059792992
0.005704367 -0.283407110 0.341956089
0.019891707 -0.303657903 0.698251517
-0.060439205 -0.117148470 0.725946687
-0.025798328 -0.031127035 0.350485647
-0.131422394 -0.027720453 -0.025824155
0.096115986 -0.363954386 0.853580598
-0.001900274 -0.458489721 0.987346740
0.093939710 -0.421704312 1.271917133
-0.116499638 -0.111643067 1.281952487
-0.194068703 -0.080157711 1.004627135
-0.017952777 -0.030081989 0.773093973
-0.005679796 -0.232502587 1.396033587
0.033634788 -0.167335743 1.636445755
frame 396
p 1
-0.030736111 -0.263975490 -0.059792992
0.005704367 -0.283407110 0.341956089
0.019891707 -0.303657903 0.698251517
-0.060439205 -0.117148470 0.725946687
-0.025798328 -0.031127035 0.350485647
-0.131422394 -0.027720453 -0.025824155
0.096115986 -0.363954386 0.853580598
-0.001900274 -0.458489721 0.987346740
0.093939710 -0.421704312 1.271917133
-0.116499638 -0.111643067 1.281952487
-0.194068703 -0.080157711 1.004627135
-0.017952777 -0.030081989 0.773093973
-0.005679796 -0.232502587 1.396033587
0.033634788 -0.167335743 1.636445755
frame 397
p 1
-0.030736111 -0.263975490 -0.059792992
0.005704367 -0.283407110 0.341956089
0.019891707 -0.303657903 0.698251517
-0.060439205 -0.117148470 0.725946687
-0.025798328 -0.031127035 0.350485647
-0.131422394 -0.027720453 -0.025824155
0.096115986 -0.363954386 0.853580598
-0.001900274 -0.458489721 0.987346740
0.093939710 -0.421704312 1.271917133
-0.116499638 -0.111643067 1.281952487
-0.194068703 -0.080157711 1.004627135
-0.017952777 -0.030081989 0.773093973
-0.005679796 -0.232502587 1.396033587
0.033634788 -0.167335743 1.636445755
frame 398
p 1
-0.030736111 -0.263975490 -0.059792992
0.005704367 -0.283407110 0.341956089
0.019891707 -0.303657903 0.698251517
-0.060439205 -0.117148470 0.725946687
-0.025798328 -0.031127035 0.350485647
-0.131422394 -0.027720453 -0.025824155
0.096115986 -0.363954386 0.853580598
-0.001900274 -0.458489721 0.987346740
0.093939710 -0.421704312 1.271917133
-0.116499638 -0.111643067 1.281952487
-0.194068703 -0.080157711 1.004627135
-0.017952777 -0.030081989 0.773093973
-0.005679796 -0.232502587 1.396033587
0.033634788 -0.167335743 1.636445755
frame 399
p 1
-0.030736111 -0.263975490 -0.059792992
0.005704367 -0.283407110 0.341956089
0.019891707 -0.303657903 0.698251517
-0.060439205 -0.117148470 0.725946687
-0.025798328 -0.031127035 0.350485647
-0.131422394 -0.027720453 -0.025824155
0.096115986 -0.363954386 0.853580598
-0.001900274 -0.458489721 0.987346740
0.093939710 -0.421704312 1.271917133
-0.116499638 -0.111643067 1.281952487
-0.194068703 -0.080157711 1.004627135
-0.017952777 -0.030081989 0.773093973
-0.005679796 -0.232502587 1.396033587
0.033634788 -0.167335743 1.636445755
frame 400
p 1
-0.030736111 -0.263975490 -0.059792992
0.005704367 -0.283407110 0.341956089
0.019891707 -0.303657903 0.698251517
-0.060439205 -0.117148470 0.725946687
-0.025798328 -0.031127035 0.350485647
-0.131422394 -0.027720453 -0.025824155
0.096115986 -0.363954386 0.853580598
-0.001900274 -0.458489721 0.987346740
0.093939710 -0.421704312 1.271917133
-0.116499638 -0.111643067 1.281952487
-0.194068703 -0.080157711 1.004627135
-0.017952777 -0.030081989 0.773093973
-0.003314611 -0.231054320 1.393445174
0.041806869 -0.162110005 1.627628127
frame 401
p 1
-0.030736111 -0.263975490 -0.059792992
0.005704367 -0.283407110 0.341956089
0.019891707 -0.303657903 0.698251517
-0.060439205 -0.117148470 0.725946687
-0.025798328 -0.031127035 0.350485647
-0.131422394 -0.027720453 -0.025824155
0.096115986 -0.363954386 0.853580598
-0.001900274 -0.458489721 0.987346740
0.093939710 -0.421704312 1.271917133
-0.116499638 -0.111643067 1.281952487
-0.194068703 -0.080157711 1.004627135
-0.017952777 -0.030081989 0.773093973
-0.003314611 -0.231054320 1.393445174
0.041806869 -0.162110005 1.627628127
frame 402
p 1
-0.030736111 -0.263975490 -0.059792992
0.005704367 -0.283407110 0.341956089
0.019891707 -0.303657903 0.698251517
-0.060439205 -0.117148470 0.725946687
-0.025798328 -0.031127035 0.350485647
-0.131422394 -0.027720453 -0.025824155
0.096115986 -0.363954386 0.853580598
-0.001900274 -0.458489721 0.987346740
0.093939710 -0.421704312 1.271917133
-0.116499638 -0.111643067 1.281952487
-0.194068703 -0.080157711 1.004627135
-0.017952777 -0.030081989 0.773093973
-0.003314611 -0.231054320 1.393445174
0.041806869 -0.162110005 1.627628127
frame 403
p 1
-0.030736111 -0.263975490 -0.059792992
0.005704367 -0.283407110 0.341956089
0.019891707 -0.303657903 0.698251517
-0.060439205 -0.117148470 0.725946687
-0.025798328 -0.031127035 0.350485647
-0.131422394 -0.027720453 -0.025824155
0.096115986 -0.363954386 0.853580598
-0.001900274 -0.458489721 0.987346740
0.093939710 -0.421704312 1.271917133
-0.116499638 -0.111643067 1.281952487
-0.194068703 -0.080157711 1.004627135
-0.017952777 -0.030081989 0.773093973
-0.005388745 -0.225820739 1.394412216
0.034286365 -0.143630756 1.630177216
frame 404
p 1
-0.030736111 -0.263975490 -0.059792992
0.005704367 -0.283407110 0.341956089
0.019891707 -0.303657903 0.698251517
-0.060439205 -0.117148470 0.725946687
-0.025798328 -0.031127035 0.350485647
-0.131422394 -0.027720453 -0.025824155
0.096115986 -0.363954386 0.853580598
-0.001900274 -0.458489721 0.987346740
0.093939710 -0.421704312 1.271917133
-0.116499638 -0.111643067 1.281952487
-0.194068703 -0.080157711 1.004627135
-0.017952777 -0.030081989 0.773093973
-0.003980802 -0.224939459 1.392865406
0.039138016 -0.140435543 1.624917029
frame 405
p 1
-0.030736111 -0.263975490 -0.059792992
0.005704367 -0.283407110 0.341956089
0.019891707 -0.303657903 0.698251517
-0.060439205 -0.117148470 0.725946687
-0.025798328 -0.031127035 0.350485647
-0.131422394 -0.027720453 -0.025824155
0.096115986 -0.363954386 0.853580598
-0.001900274 -0.458489721 0.987346740
0.093939710 -0.421704312 1.271917133
-0.116499638 -0.111643067 1.281952487
-0.194068703 -0.080157711 1.004627135
-0.017952777 -0.030081989 0.773093973
-0.003980802 -0.224939459 1.392865406
0.039138016 -0.140435543 1.624917029
frame 406
p 1
-0.030736111 -0.263975490 -0.059792992
0.005704367 -0.283407110 0.341956089
0.019891707 -0.303657903 0.698251517
-0.060439205 -0.117148470 0.725946687
-0.025798328 -0.031127035 0.350485647
-0.131422394 -0.027720453 -0.025824155
0.096115986 -0.363954386 0.853580598
-0.001900274 -0.458489721 0.987346740
0.093939710 -0.421704312 1.271917133
-0.116499638 -0.111643067 1.281952487
-0.194068703 -0.080157711 1.004627135
-0.017952777 -0.030081989 0.773093973
-0.003980802 -0.224939459 1.392865406
0.039138016 -0.140435543 1.624917029
frame 407
p 1
-0.030736111 -0.263975490 -0.059792992
0.005704367 -0.283407110 0.341956089
0.019891707 -0.303657903 0.698251517
-0.060439205 -0.117148470 0.725946687
-0.025798328 -0.031127035 0.350485647
-0.131422394 -0.027720453 -0.025824155
0.096115986 -0.363954386 0.853580598
-0.001900274 -0.458489721 0.987346740
0.093939710 -0.421704312 1.271917133
-0.116499638 -0.111643067 1.281952487
-0.194068703 -0.080157711 1.004627135
-0.017952777 -0.030081989 0.773093973
-0.003145669 -0.224869003 1.391046388
0.042101363 -0.140167867 1.618754754
frame 408
p 1
-0.030736111 -0.263975490 -0.059792992
0.005704367 -0.283407110 0.341956089
0.019891707 -0.303657903 0.698251517
-0.060439205 -0.117148470 0.725946687
-0.025798328 -0.031127035 0.350485647
-0.131422394 -0.027720453 -0.025824155
0.096115986 -0.363954386 0.853580598
-0.001900274 -0.458489721 0.987346740
0.093939710 -0.421704312 1.271917133
-0.116499638 -0.111643067 1.281952487
-0.194068703 -0.080157711 1.004627135
-0.017952777 -0.030081989 0.773093973
-0.003145669 -0.224869003 1.391046388
0.042101363 -0.140167867 1.618754754
frame 409
p 1
-0.030736111 -0.263975490 -0.059792992
0.005704367 -0.283407110 0.341956089
0.019891707 -0.303657903 0.698251517
-0.060439205 -0.117148470 0.725946687
-0.025798328 -0.031127035 0.350485647
-0.131422394 -0.027720453 -0.025824155
0.096115986 -0.363954386 0.853580598
-0.001900274 -0.458489721 0.987346740
0.093939710 -0.421704312 1.271917133
-0.116499638 -0.111643067 1.281952487
-0.194068703 -0.080157711 1.004627135
-0.017952777 -0.030081989 0.773093973
-0.003145669 -0.224869003 1.391046388
0.042101363 -0.140167867 1.618754754
frame 410
p 1
-0.030736111 -0.263975490 -0.059792992
0.005704367 -0.283407110 0.341956089
0.019891707 -0.303657903 0.698251517
-0.060439205 -0.117148470 0.725946687
-0.025798328 -0.031127035 0.350485647
-0.131422394 -0.027720453 -0.025824155
0.096115986 -0.363954386 0.853580598
-0.001900274 -0.458489721 0.987346740
0.093939710 -0.421704312 1.271917133
-0.116499638 -0.111643067 1.281952487
-0.194068703 -0.080157711 1.004627135
-0.017952777 -0.030081989 0.773093973
-0.011660757 -0.225026434 1.392117153
0.012908277 -0.141356074 1.621677147
frame 411
p 1
-0.030736111 -0.263975490 -0.059792992
0.005704367 -0.283407110 0.341956089
0.019891707 -0.303657903 0.698251517
-0.060439205 -0.117148470 0.725946687
-0.025798328 -0.031127035 0.350485647
-0.131422394 -0.027720453 -0.025824155
0.096115986 -0.363954386 0.853580598
-0.001900274 -0.458489721 0.987346740
0.093939710 -0.421704312 1.271917133
-0.116499638 -0.111643067 1.281952487
-0.194068703 -0.080157711 1.004627135
-0.017952777 -0.030081989 0.773093973
-0.011660757 -0.225026434 1.392117153
0.012908277 -0.141356074 1.621677147
frame 412
p 1
-0.030736111 -0.263975490 -0.059792992
0.005704367 -0.283407110 0.341956089
0.019891707 -0.303657903 0.698251517
-0.060439205 -0.117148470 0.725946687
-0.025798328 -0.031127035 0.350485647
-0.131422394 -0.027720453 -0.025824155
0.096115986 -0.363954386 0.853580598
-0.001900274 -0.458489721 0.987346740
0.093939710 -0.421704312 1.271917133
-0.116499638 -0.111643067 1.281952487
-0.194068703 -0.080157711 1.004627135
-0.017952777 -0.030081989 0.773093973
-0.011660757 -0.225026434 1.392117153
0.012908277 -0.141356074 1.621677147
frame 413
p 1
-0.030736111 -0.263975490 -0.059792992
0.005704367 -0.283407110 0.341956089
0.019891707 -0.303657903 0.698251517
-0.060439205 -0.117148470 0.725946687
-0.025798328 -0.031127035 0.350485647
-0.131422394 -0.027720453 -0.025824155
0.096115986 -0.363954386 0.853580598
-0.001900274 -0.458489721 0.987346740
0.093939710 -0.421704312 1.271917133
-0.116499638 -0.111643067 1.281952487
-0.194068703 -0.080157711 1.004627135
-0.017952777 -0.030081989 0.773093973
-0.011660757 -0.225026434 1.392117153
0.012908277 -0.141356074 1.621677147
frame 414
p 1
-0.030736111 -0.263975490 -0.059792992
0.005704367 -0.283407110 0.341956089
0.019891707 -0.303657903 0.698251517
-0.060439205 -0.117148470 0.725946687
-0.025798328 -0.031127035 0.350485647
-0.131422394 -0.027720453 -0.025824155
0.096115986 -0.363954386 0.853580598
-0.001900274 -0.458489721 0.987346740
0.093939710 -0.421704312 1.271917133
-0.116499638 -0.111643067 1.281952487
-0.194068703 -0.080157711 1.004627135
-0.017952777 -0.030081989 0.773093973
-0.014096299 -0.225859332 1.393740403
0.004541850 -0.144415574 1.627090437
frame 415
p 1
-0.030736111 -0.263975490 -0.059792992
0.005704367 -0.283407110 0.341956089
0.019891707 -0.303657903 0.698251517
-0.060439205 -0.117148470 0.725946687
-0.025798328 -0.031127035 0.350485647
-0.131422394 -0.027720453 -0.025824155
0.096115986 -0.363954386 0.853580598
-0.001900274 -0.458489721 0.987346740
0.093939710 -0.421704312 1.271917133
-0.116499638 -0.111643067 1.281952487
-0.194068703 -0.080157711 1.004627135
-0.017952777 -0.030081989 0.773093973
-0.014096299 -0.225859332 1.393740403
0.004541850 -0.144415574 1.627090437
frame 416
p 1
-0.030736111 -0.263975490 -0.059792992
0.005704367 -0.283407110 0.341956089
0.019891707 -0.303657903 0.698251517
-0.060439205 -0.117148470 0.725946687
-0.025798328 -0.031127035 0.350485647
-0.131422394 -0.027720453 -0.025824155
0.096115986 -0.363954386 0.853580598
-0.001900274 -0.458489721 0.987346740
0.093939710 -0.421704312 1.271917133
-0.116499638 -0.111643067 1.281952487
-0.194068703 -0.080157711 1.004627135
-0.017952777 -0.030081989 0.773093973
-0.014096299 -0.225859332 1.393740403
0.004541850 -0.144415574 1.627090437
frame 417
p 1
-0.030736111 -0.263975490 -0.059792992
0.005704367 -0.283407110 0.341956089
0.019891707 -0.303657903 0.698251517
-0.060439205 -0.117148470 0.725946687
-0.025798328 -0.031127035 0.350485647
-0.131422394 -0.027720453 -0.025824155
0.096115986 -0.363954386 0.853580598
-0.001900274 -0.458489721 0.987346740
0.093939710 -0.421704312 1.271917133
-0.116499638 -0.111643067 1.281952487
-0.194068703 -0.080157711 1.004627135
-0.017952777 -0.030081989 0.773093973
-0.014096299 -0.225859332 1.393740403
0.004541850 -0.144415574 1.627090437
frame 418
p 1
-0.030736111 -0.263975490 -0.059792992
0.005704367 -0.283407110 0.341956089
0.019891707 -0.303657903 0.698251517
-0.060439205 -0.117148470 0.725946687
-0.025798328 -0.031127035 0.350485647
-0.131422394 -0.027720453 -0.025824155
0.096115986 -0.363954386 0.853580598
-0.001900274 -0.458489721 0.987346740
0.093939710 -0.421704312 1.271917133
-0.116499638 -0.111643067 1.281952487
-0.194068703 -0.080157711 1.004627135
-0.017952777 -0.030081989 0.773093973
-0.014096299 -0.225859332 1.393740403
0.004541850 -0.144415574 1.627090437
frame 419
p 1
-0.030736111 -0.263975490 -0.059792992
0.005704367 -0.283407110 0.341956089
0.019891707 -0.303657903 0.698251517
-0.060439205 -0.117148470 0.725946687
-0.025798328 -0.031127035 0.350485647
-0.131422394 -0.027720453 -0.025824155
0.096115986 -0.363954386 0.853580598
-0.001900274 -0.458489721 0.987346740
0.093939710 -0.421704312 1.271917133
-0.116499638 -0.111643067 1.281952487
-0.194068703 -0.080157711 1.004627135
-0.008809137 -0.036168681 0.779356106
-0.014096299 -0.225859332 1.393740403
0.004541850 -0.144415574 1.627090437
frame 420
p 1
-0.030736111 -0.263975490 -0.059792992
0.005704367 -0.283407110 0.341956089
0.019891707 -0.303657903 0.698251517
-0.060439205 -0.117148470 0.725946687
-0.025798328 -0.031127035 0.350485647
-0.131422394 -0.027720453 -0.025824155
0.096115986 -0.363954386 0.853580598
-0.001900274 -0.458489721 0.987346740
0.093939710 -0.421704312 1.271917133
-0.116499638 -0.111643067 1.281952487
-0.194068703 -0.080157711 1.004627135
-0.008809137 -0.036168681 0.779356106
-0.014096299 -0.225859332 1.393740403
0.004541850 -0.144415574 1.627090437
frame 421
p 1
-0.030736111 -0.263975490 -0.059792992
0.005704367 -0.283407110 0.341956089
0.019891707 -0.303657903 0.698251517
-0.060439205 -0.117148470 0.725946687
-0.025798328 -0.031127035 0.350485647
-0.131422394 -0.027720453 -0.025824155
0.092662401 -0.363758424 0.854277485
-0.005242590 -0.458194842 0.987951230
0.090681203 -0.421440854 1.272302351
-0.119319934 -0.111657964 1.282266677
-0.196973496 -0.080192397 1.005134277
-0.012006581 -0.036248151 0.780048036
-0.017012661 -0.225790306 1.393996691
0.001815725 -0.144421108 1.627186014
frame 422
p 1
-0.030736111 -0.263975490 -0.059792992
0.005704367 -0.283407110 0.341956089
0.019891707 -0.303657903 0.698251517
-0.060439205 -0.117148470 0.725946687
-0.025798328 -0.031127035 0.350485647
-0.131422394 -0.027720453 -0.025824155
0.092662401 -0.363758424 0.854277485
-0.005242590 -0.458194842 0.987951230
0.090681203 -0.421440854 1.272302351
-0.119319934 -0.111657964 1.282266677
-0.196973496 -0.080192397 1.005134277
-0.012006581 -0.036248151 0.780048036
-0.019808833 -0.222502796 1.388867378
-0.007648331 -0.133183386 1.609083438
frame 423
p 1
-0.030736111 -0.263975490 -0.059792992
0.005704367 -0.283407110 0.341956089
0.019891707 -0.303657903 0.698251517
-0.060439205 -0.117148470 0.725946687
-0.025798328 -0.031127035 0.350485647
-0.131422394 -0.027720453 -0.025824155
0.092662401 -0.363758424 0.854277485
-0.005242590 -0.458194842 0.987951230
0.090681203 -0.421440854 1.272302351
-0.119319934 -0.111657964 1.282266677
-0.196973496 -0.080192397 1.005134277
-0.012006581 -0.036248151 0.780048036
-0.009680819 -0.223847393 1.390099354
0.026993270 -0.137124354 1.614311637
frame 424
p 1
-0.030736111 -0.263975490 -0.059792992
0.005704367 -0.283407110 0.341956089
0.019891707 -0.303657903 0.698251517
-0.060439205 -0.117148470 0.725946687
-0.025798328 -0.031127035 0.350485647
-0.131422394 -0.027720453 -0.025824155
0.092662401 -0.363758424 0.854277485
-0.005242590 -0.458194842 0.987951230
0.090681203 -0.421440854 1.272302351
-0.119319934 -0.111657964 1.282266677
-0.196973496 -0.080192397 1.005134277
-0.012006581 -0.036248151 0.780048036
-0.009680819 -0.223847393 1.390099354
0.026993270 -0.137124354 1.614311637
frame 425
p 1
-0.030736111 -0.263975490 -0.059792992
0.005704367 -0.283407110 0.341956089
0.019891707 -0.303657903 0.698251517
-0.060439205 -0.117148470 0.725946687
-0.025798328 -0.031127035 0.350485647
-0.131422394 -0.027720453 -0.025824155
0.092662401 -0.363758424 0.854277485
-0.005242590 -0.458194842 0.987951230
0.090681203 -0.421440854 1.272302351
-0.119319934 -0.111657964 1.282266677
-0.195216491 -0.083681632 1.002441132
-0.012006581 -0.036248151 0.780048036
-0.009680819 -0.223847393 1.390099354
0.026993270 -0.137124354 1.614311637
frame 426
p 1
-0.030736111 -0.263975490 -0.059792992
0.005704367 -0.283407110 0.341956089
0.019891707 -0.303657903 0.698251517
-0.060439205 -0.117148470 0.725946687
-0.025798328 -0.031127035 0.350485647
-0.131422394 -0.027720453 -0.025824155
0.092662401 -0.363758424 0.854277485
-0.005242590 -0.458194842 0.987951230
0.090681203 -0.421440854 1.272302351
-0.119319934 -0.111657964 1.282266677
-0.195216491 -0.083681632 1.002441132
-0.012006581 -0.036248151 0.780048036
-0.009680819 -0.223847393 1.390099354
0.026993270 -0.137124354 1.614311637
frame 427
p 1
-0.030736111 -0.263975490 -0.059792992
0.005704367 -0.283407110 0.341956089
0.019891707 -0.303657903 0.698251517
-0.060439205 -0.117148470 0.725946687
-0.025798328 -0.031127035 0.350485647
-0.131422394 -0.027720453 -0.025824155
0.089212405 -0.363561643 0.854974186
-0.008581281 -0.457899804 0.988555185
0.087425888 -0.421176925 1.272687328
-0.122137980 -0.111672155 1.282580740
-0.198124639 -0.083712587 1.002951360
-0.015201404 -0.036326647 0.780739710
-0.012597496 -0.223784641 1.390355913
0.024261270 -0.137153151 1.614408580
frame 428
p 1
-0.030736111 -0.263975490 -0.059792992
0.005704367 -0.283407110 0.341956089
0.019891707 -0.303657903 0.698251517
-0.060439205 -0.117148470 0.725946687
-0.025798328 -0.031127035 0.350485647
-0.131422394 -0.027720453 -0.025824155
0.085765415 -0.363364382 0.855670448
-0.011916670 -0.457603978 0.989158945
0.084173653 -0.420912525 1.273072057
-0.124953759 -0.111685774 1.282894779
-0.201030343 -0.083743112 1.003461364
-0.018393133 -0.036404520 0.781430917
-0.015511624 -0.223721313 1.390612543
0.021531127 -0.137181334 1.614505552
frame 429
p 1
-0.030736111 -0.263975490 -0.059792992
0.005704367 -0.283407110 0.341956089
0.019891707 -0.303657903 0.698251517
-0.060439205 -0.117148470 0.725946687
-0.025798328 -0.031127035 0.350485647
-0.131422394 -0.027720453 -0.025824155
0.085765415 -0.363364382 0.855670448
-0.011916670 -0.457603978 0.989158945
0.084173653 -0.420912525 1.273072057
-0.124953759 -0.111685774 1.282894779
-0.201030343 -0.083743112 1.003461364
-0.018393133 -0.036404520 0.781430917
-0.015511624 -0.223721313 1.390612543
0.021531127 -0.137181334 1.614505552
frame 430
p 1
-0.030736111 -0.263975490 -0.059792992
0.005704367 -0.283407110 0.341956089
0.019891707 -0.303657903 0.698251517
-0.060439205 -0.117148470 0.725946687
-0.025798328 -0.031127035 0.350485647
-0.131422394 -0.027720453 -0.025824155
0.085765415 -0.363364382 0.855670448
-0.011916670 -0.457603978 0.989158945
0.084173653 -0.420912525 1.273072057
-0.124953759 -0.111685774 1.282894779
-0.201030343 -0.083743112 1.003461364
-0.018393133 -0.036404520 0.781430917
-0.015511624 -0.223721313 1.390612543
0.021531127 -0.137181334 1.614505552
frame 431
p 1
-0.030736111 -0.263975490 -0.059792992
0.005704367 -0.283407110 0.341956089
0.019891707 -0.303657903 0.698251517
-0.060439205 -0.117148470 0.725946687
-0.025798328 -0.031127035 0.350485647
-0.131422394 -0.027720453 -0.025824155
0.085765415 -0.363364382 0.855670448
-0.011916670 -0.457603978 0.989158945
0.084173653 -0.420912525 1.273072057
-0.124953759 -0.111685774 1.282894779
-0.201030343 -0.083743112 1.003461364
-0.018393133 -0.036404520 0.781430917
-0.015511624 -0.223721313 1.390612543
0.021531127 -0.137181334 1.614505552
frame 432
p 1
-0.030736111 -0.263975490 -0.059792992
0.005704367 -0.283407110 0.341956089
0.019891707 -0.303657903 0.698251517
-0.060439205 -0.117148470 0.725946687
-0.025798328 -0.031127035 0.350485647
-0.131422394 -0.027720453 -0.025824155
0.085765415 -0.363364382 0.855670448
-0.011916670 -0.457603978 0.989158945
0.084173653 -0.420912525 1.273072057
-0.124953759 -0.111685774 1.282894779
-0.201030343 -0.083743112 1.003461364
-0.018393133 -0.036404520 0.781430917
-0.015511624 -0.223721313 1.390612543
0.021531127 -0.137181334 1.614505552
frame 433
p 1
-0.030736111 -0.263975490 -0.059792992
0.005704367 -0.283407110 0.341956089
0.019891707 -0.303657903 0.698251517
-0.060439205 -0.117148470 0.725946687
-0.025798328 -0.031127035 0.350485647
-0.131422394 -0.027720453 -0.025824155
0.085765415 -0.363364382 0.855670448
-0.011916670 -0.457603978 0.989158945
0.084173653 -0.420912525 1.273072057
-0.124953759 -0.111685774 1.282894779
-0.201030343 -0.083743112 1.003461364
-0.018393133 -0.036404520 0.781430917
-0.015511624 -0.223721313 1.390612543
0.021531127 -0.137181334 1.614505552
frame 434
p 1
-0.030736111 -0.263975490 -0.059792992
0.005704367 -0.283407110 0.341956089
0.019891707 -0.303657903 0.698251517
-0.060439205 -0.117148470 0.725946687
-0.025798328 -0.031127035 0.350485647
-0.131422394 -0.027720453 -0.025824155
0.085765415 -0.363364382 0.855670448
-0.011916670 -0.457603978 0.989158945
0.084173653 -0.420912525 1.273072057
-0.124953759 -0.111685774 1.282894779
-0.206719528 -0.080039544 0.999060816
-0.018393133 -0.036404520 0.781430917
-0.015511624 -0.223721313 1.390612543
0.021531127 -0.137181334 1.614505552
frame 435
p 1
-0.030736111 -0.263975490 -0.059792992
0.005704367 -0.283407110 0.341956089
0.019891707 -0.303657903 0.698251517
-0.060439205 -0.117148470 0.725946687
-0.025798328 -0.031127035 0.350485647
-0.131422394 -0.027720453 -0.025824155
0.085765415 -0.363364382 0.855670448
-0.011916670 -0.457603978 0.989158945
0.084173653 -0.420912525 1.273072057
-0.124953759 -0.111685774 1.282894779
-0.206719528 -0.080039544 0.999060816
-0.018393133 -0.036404520 0.781430917
-0.015511624 -0.223721313 1.390612543
0.021531127 -0.137181334 1.614505552
frame 436
p 1
-0.030736111 -0.263975490 -0.059792992
0.005704367 -0.283407110 0.341956089
0.019891707 -0.303657903 0.698251517
-0.060439205 -0.117148470 0.725946687
-0.025798328 -0.031127035 0.350485647
-0.131422394 -0.027720453 -0.025824155
0.085765415 -0.363364382 0.855670448
-0.014042648 -0.449808155 0.989125168
0.084173653 -0.420912525 1.273072057
-0.124953759 -0.111685774 1.282894779
-0.206719528 -0.080039544 0.999060816
-0.018393133 -0.036404520 0.781430917
-0.015511624 -0.223721313 1.390612543
0.021531127 -0.137181334 1.614505552
frame 437
p 1
-0.030736111 -0.263975490 -0.059792992
0.005704367 -0.283407110 0.341956089
0.019891707 -0.303657903 0.698251517
-0.060439205 -0.117148470 0.725946687
-0.025798328 -0.031127035 0.350485647
-0.131422394 -0.027720453 -0.025824155
0.085765415 -0.363364382 0.855670448
-0.014042648 -0.449808155 0.989125168
0.084173653 -0.420912525 1.273072057
-0.124953759 -0.111685774 1.282894779
-0.206719528 -0.080039544 0.999060816
-0.018393133 -0.036404520 0.781430917
-0.015511624 -0.223721313 1.390612543
0.021531127 -0.137181334 1.614505552
frame 438
p 1
-0.030736111 -0.263975490 -0.059792992
0.005704367 -0.283407110 0.341956089
0.019891707 -0.303657903 0.698251517
-0.060439205 -0.117148470 0.725946687
-0.025798328 -0.031127035 0.350485647
-0.131422394 -0.027720453 -0.025824155
0.085765415 -0.363364382 0.855670448
-0.014042648 -0.449808155 0.989125168
0.084173653 -0.420912525 1.273072057
-0.124953759 -0.111685774 1.282894779
-0.206719528 -0.080039544 0.999060816
-0.018393133 -0.036404520 0.781430917
-0.015511624 -0.223721313 1.390612543
0.021531127 -0.137181334 1.614505552
frame 439
p 1
-0.030736111 -0.263975490 -0.059792992
0.005704367 -0.283407110 0.341956089
0.019891707 -0.303657903 0.698251517
-0.060439205 -0.117148470 0.725946687
-0.025798328 -0.031127035 0.350485647
-0.131422394 -0.027720453 -0.025824155
0.085765415 -0.363364382 0.855670448
-0.014042648 -0.449808155 0.989125168
0.084173653 -0.420912525 1.273072057
-0.124953759 -0.111685774 1.282894779
-0.206719528 -0.080039544 0.999060816
-0.018393133 -0.036404520 0.781430917
-0.015511624 -0.223721313 1.390612543
0.021531127 -0.137181334 1.614505552
frame 440
p 1
-0.030736111 -0.263975490 -0.059792992
0.005704367 -0.283407110 0.341956089
0.019891707 -0.303657903 0.698251517
-0.060439205 -0.117148470 0.725946687
-0.025798328 -0.031127035 0.350485647
-0.131422394 -0.027720453 -0.025824155
0.082322122 -0.363166772 0.856366319
-0.017371623 -0.449515977 0.989729016
0.080924675 -0.420647853 1.273456538
-0.127767241 -0.111698513 1.283208805
-0.209613396 -0.080075607 0.999569994
-0.021582009 -0.036482021 0.782121698
-0.016022296 -0.222786851 1.389254572
0.027062446 -0.133962633 1.609191705
frame 441
p 1
-0.030736111 -0.263975490 -0.059792992
0.005704367 -0.283407110 0.341956089
0.019891707 -0.303657903 0.698251517
-0.057164277 -0.126996315 0.724990875
-0.025798328 -0.031127035 0.350485647
-0.131422394 -0.027720453 -0.025824155
0.078881857 -0.362968473 0.857061662
-0.020697020 -0.449223806 0.990332544
0.075378188 -0.416290617 1.276410037
-0.120406780 -0.137617652 1.276488425
-0.211379367 -0.086317569 1.002076870
-0.024768000 -0.036559019 0.782812121
-0.018932330 -0.222724889 1.389511249
0.024334810 -0.133999091 1.609289434
frame 442
p 1
-0.030736111 -0.263975490 -0.059792992
0.005704367 -0.283407110 0.341956089
0.019891707 -0.303657903 0.698251517
-0.057164277 -0.126996315 0.724990875
-0.063001727 -0.027183319 0.356688084
-0.115976596 -0.031310456 -0.028027649
0.101106299 -0.360788507 0.848094124
0.003866378 -0.443870108 0.975321573
0.114431195 -0.417538245 1.268822956
-0.145824051 -0.139247686 1.282094970
-0.226169458 -0.109717016 1.011063608
-0.020393790 -0.053847339 0.787611084
-0.018932330 -0.222724889 1.389511249
0.024334810 -0.133999091 1.609289434
frame 443
p 1
-0.030736111 -0.263975490 -0.059792992
0.005704367 -0.283407110 0.341956089
0.028310442 -0.322690549 0.688711496
-0.081519917 -0.128073320 0.732164626
-0.061476163 -0.028305736 0.357601267
-0.120195115 -0.033816733 -0.023427934
0.131863810 -0.367702744 0.835093510
0.066841977 -0.456673027 0.974532538
0.101642727 -0.400784742 1.279595222
-0.143627363 -0.153133645 1.279587584
-0.235615890 -0.121199565 1.012053460
-0.042615775 -0.054322886 0.792375530
-0.023032581 -0.221792756 1.391733954
0.005795305 -0.096798875 1.616340964
frame 444
p 1
-0.030736111 -0.263975490 -0.059792992
0.005704367 -0.283407110 0.341956089
0.028310442 -0.322690549 0.688711496
-0.075669762 -0.140674608 0.724500343
-0.088848818 -0.046212839 0.356019077
-0.149420095 -0.027886611 -0.018309581
0.135494535 -0.370226352 0.837358186
0.077637472 -0.466288773 0.984790192
0.101642727 -0.400784742 1.279595222
-0.158671462 -0.176378166 1.282526677
-0.250367795 -0.138589516 1.011560701
-0.066342000 -0.055834799 0.798850710
-0.023032581 -0.221792756 1.391733954
0.005795305 -0.096798875 1.616340964
frame 445
p 1
-0.030736111 -0.263975490 -0.059792992
0.005704367 -0.283407110 0.341956089
0.028310442 -0.322690549 0.688711496
-0.081714999 -0.166743144 0.725081726
-0.132777058 -0.046844232 0.370026486
-0.138854219 -0.054521681 -0.027871395
0.153626725 -0.375599049 0.823221389
0.112540253 -0.477940079 0.990872079
0.129166229 -0.399887780 1.271964665
-0.158671462 -0.176378166 1.282526677
-0.259849603 -0.155462526 1.019359139
-0.085617488 -0.071258130 0.800381072
-0.023032581 -0.221792756 1.391733954
0.005795305 -0.096798875 1.616340964
frame 446
p 1
-0.030736111 -0.263975490 -0.059792992
0.005704367 -0.283407110 0.341956089
0.028310442 -0.322690549 0.688711496
-0.104511656 -0.166397762 0.730592101
-0.134494760 -0.078699936 0.374852280
-0.174698230 -0.095640089 -0.028059870
0.150077077 -0.375386461 0.823956213
0.102001176 -0.461233634 0.997225392
0.125909461 -0.399666987 1.272337987
-0.161488393 -0.176341795 1.282846218
-0.257871843 -0.165833582 1.012026536
-0.088744929 -0.071307162 0.801054427
-0.025933583 -0.221731386 1.391988555
0.003107184 -0.096853649 1.616433872
frame 447
p 1
-0.030736111 -0.263975490 -0.059792992
0.005704367 -0.283407110 0.341956089
0.074110315 -0.334583604 0.689391119
-0.104511656 -0.166397762 0.730592101
-0.152822459 -0.095375535 0.372733931
-0.195378849 -0.134472498 -0.024071386
0.147972192 -0.367152159 0.813827894
0.126085971 -0.452111669 0.989862333
0.125909461 -0.399666987 1.272337987
-0.185262925 -0.178556110 1.289656184
-0.266551068 -0.165699679 1.013577633
-0.105958205 -0.072596209 0.806137380
-0.025933583 -0.221731386 1.391988555
0.003107184 -0.096853649 1.616433872
frame 448
p 1
-0.023080824 -0.282891290 -0.067794252
0.011137764 -0.289394128 0.327095176
0.074110315 -0.334583604 0.689391119
-0.104511656 -0.166397762 0.730592101
-0.164256561 -0.118452096 0.370906135
-0.180963782 -0.170347130 -0.047618534
0.139682889 -0.355733612 0.827077455
0.126085971 -0.452111669 0.989862333
0.112525165 -0.375921781 1.285967866
-0.185262925 -0.178556110 1.289656184
-0.266551068 -0.165699679 1.013577633
-0.112048240 -0.070624605 0.804709309
-0.034261535 -0.223058657 1.394969596
-0.025220517 -0.102299090 1.625956118
frame 449
p 1
-0.031611248 -0.274953680 -0.033852910
0.011137764 -0.289394128 0.327095176
0.077311079 -0.339570570 0.683859482
-0.088386911 -0.201671131 0.708549647
-0.157037745 -0.135671346 0.360674102
-0.157715286 -0.231627779 -0.081754482
0.139682889 -0.355733612 0.827077455
0.120198544 -0.440780805 0.996398791
0.112525165 -0.375921781 1.285967866
-0.202095601 -0.174902796 1.286111208
-0.299579555 -0.164233951 1.018129455
-0.138018940 -0.065871271 0.803502964
-0.034261535 -0.223058657 1.394969596
-0.025220517 -0.102299090 1.625956118
frame 450
p 1
-0.036671497 -0.282583531 -0.022707866
-0.000099078 -0.291311678 0.333731675
0.068402145 -0.340243371 0.687547736
-0.127132600 -0.209113596 0.713743490
-0.173985422 -0.135452252 0.366212017
-0.186666101 -0.253209777 -0.064529240
0.127654244 -0.338300692 0.808796344
0.144772435 -0.451297279 1.004399054
0.101707926 -0.358501653 1.298337226
-0.202095601 -0.174902796 1.286111208
-0.295484416 -0.177265685 1.014899277
-0.171784872 -0.077009798 0.806095383
-0.046122449 -0.223994404 1.397641883
-0.069055584 -0.104333430 1.630804289
p 3
1.135549905 0.230219047 0.008430054
1.109561842 0.232490424 0.389715628
1.091831375 0.236364165 0.787427663
1.026273125 0.012918161 0.768439323
1.006674469 -0.048954556 0.398744762
1.045886965 -0.103261702 0.015352015
1.080187530 0.290969396 0.993469281
1.223556566 0.441304605 1.187198310
1.080623543 0.307738817 1.358737143
0.944349078 -0.006185991 1.363596845
1.045429209 -0.215324169 1.156422353
0.929405787 -0.042619653 0.960853628
0.933546058 0.144845874 1.483491532
0.888995703 0.168372937 1.621429541
frame 451
p 1
-0.036671497 -0.282583531 -0.022707866
-0.000099078 -0.291311678 0.333731675
0.068402145 -0.340243371 0.687547736
-0.127132600 -0.209113596 0.713743490
-0.204652942 -0.151305534 0.372704265
-0.238350040 -0.253070358 -0.039111821
0.127654244 -0.338300692 0.808796344
0.137424904 -0.434783104 1.010170877
0.101707926 -0.358501653 1.298337226
-0.253517010 -0.163145591 1.274416718
-0.316870522 -0.170372764 1.009188651
-0.171784872 -0.077009798 0.806095383
-0.054156687 -0.221057312 1.393382811
-0.096070190 -0.094925318 1.615424906
p 3
1.135549905 0.230219047 0.008430054
1.109561842 0.232490424 0.389715628
1.074382084 0.243162267 0.780097662
1.007250903 0.013384747 0.770412215
1.006674469 -0.048954556 0.398744762
1.030620171 -0.082253347 0.024813009
1.085381105 0.309933531 0.991636584
1.240775834 0.451048997 1.175369305
1.097290646 0.310386088 1.356092371
0.960565454 -0.008512924 1.366882354
1.059590036 -0.200371680 1.146021399
0.947859436 -0.040987714 0.956529226
0.950073425 0.152544335 1.473870764
0.911105333 0.171117619 1.607928491
frame 452
p 1
-0.036671497 -0.282583531 -0.022707866
-0.000099078 -0.291311678 0.333731675
0.054545708 -0.315712185 0.708834934
-0.118734021 -0.231460916 0.705269324
-0.202241395 -0.161399625 0.375099710
-0.218041523 -0.264574628 -0.036304828
0.087640646 -0.295574008 0.814105643
0.125374094 -0.410084502 1.021696428
0.041704407 -0.332893470 1.315205388
-0.257190896 -0.185438840 1.281836131
-0.338427608 -0.187598158 1.003314694
-0.195345884 -0.088495031 0.793143918
-0.095660113 -0.220380869 1.402444146
-0.115335079 -0.087654827 1.625570891
p 3
1.135549905 0.230219047 0.008430054
1.127360783 0.233934516 0.385377977
1.078470221 0.243533290 0.779375439
0.997379463 0.019028740 0.764485557
1.013125393 -0.038563945 0.384129598
1.061965659 -0.047761626 -0.012398023
1.101164547 0.313828939 0.986624634
1.256345592 0.455175604 1.170991136
1.112387018 0.313850527 1.352154919
0.975859846 -0.005906827 1.362746491
1.076579279 -0.198172867 1.140857490
0.964433264 -0.038231151 0.950949911
0.964631398 0.155453887 1.470216639
0.924898177 0.174030705 1.604733606
frame 453
p 1
-0.036671497 -0.282583531 -0.022707866
-0.006818168 -0.272926092 0.338110443
0.042300836 -0.309252253 0.704381126
-0.164071656 -0.223338613 0.708041281
-0.202241395 -0.161399625 0.375099710
-0.196121483 -0.277382575 -0.032503773
0.087640646 -0.295574008 0.814105643
0.125374094 -0.410084502 1.021696428
0.041704407 -0.332893470 1.315205388
-0.277766243 -0.182511091 1.280166570
-0.351170788 -0.186371862 1.004299706
-0.207382908 -0.086550614 0.793111904
-0.101163975 -0.221373394 1.404779948
-0.113330823 -0.087233992 1.624762591
p 3
1.135549905 0.230219047 0.008430054
1.127360783 0.233934516 0.385377977
1.087505903 0.258708156 0.772891196
0.989495112 0.039706315 0.788287100
1.032037292 -0.009406713 0.360146780
1.070010841 -0.013756553 -0.027779338
1.082307097 0.318460782 0.977401557
1.219957329 0.489290489 1.170994576
1.104856086 0.340011965 1.355993339
0.980004222 0.009314403 1.364247813
1.047535001 -0.168227185 1.172607605
0.959461919 -0.045117326 0.960971213
0.950994473 0.190344889 1.476447290
0.910489764 0.210935998 1.608592139
frame 454
p 1
-0.036671497 -0.282583531 -0.022707866
-0.006818168 -0.272926092 0.338110443
0.042300836 -0.309252253 0.704381126
-0.186478332 -0.220444128 0.710817221
-0.198384486 -0.171935688 0.386542861
-0.196121483 -0.277382575 -0.032503773
0.082974856 -0.278444117 0.812741594
0.112626101 -0.390545902 1.039680319
0.019075079 -0.297234053 1.343034813
-0.296684144 -0.182173104 1.282383831
-0.375088998 -0.183040747 1.004640264
-0.216457012 -0.086630785 0.795141074
-0.122739804 -0.199501337 1.402140945
-0.166666516 -0.064571230 1.600981406
p 3
1.135549905 0.230219047 0.008430054
1.127360783 0.233934516 0.385377977
1.083403504 0.258329500 0.773622232
0.985335573 0.039505698 0.789037731
1.032037292 -0.009406713 0.360146780
1.070010841 -0.013756553 -0.027779338
1.071355665 0.329511677 0.976074254
1.216261823 0.488755458 1.171359727
1.101231102 0.339610280 1.356259224
0.976252292 0.009148296 1.364532952
1.043413181 -0.168244672 1.173067163
0.955369659 -0.045227305 0.961585836
0.947486460 0.190058230 1.476640770
0.907146522 0.210636288 1.608695362
frame 455
p 1
-0.036671497 -0.282583531 -0.022707866
0.019354208 -0.269211661 0.323646643
0.026581877 -0.302606125 0.700822015
-0.211871848 -0.217478425 0.714365605
-0.221560773 -0.169091880 0.391251768
-0.196121483 -0.277382575 -0.032503773
0.064173213 -0.274390308 0.812290097
0.112626101 -0.390545902 1.039680319
0.019075079 -0.297234053 1.343034813
-0.330544335 -0.175670320 1.276950056
-0.372087708 -0.200040964 1.007165899
-0.222951103 -0.101876544 0.791978113
-0.149612578 -0.192736752 1.394906629
-0.156918154 -0.066824191 1.603920147
p 3
1.135549905 0.230219047 0.008430054
1.127360783 0.233934516 0.385377977
1.091611602 0.259087900 0.772159787
0.993658166 0.039907876 0.787535966
1.032037292 -0.009406713 0.360146780
1.070010841 -0.013756553 -0.027779338
1.079058142 0.330363084 0.975014570
1.223655257 0.489826345 1.170629602
1.108483436 0.340414654 1.355727719
0.983759036 0.009481386 1.363962834
1.051660402 -0.168209020 1.172147996
0.963558125 -0.045006842 0.960356257
0.954504684 0.190632106 1.476253733
0.913835007 0.211236992 1.608489148
frame 456
p 1
0.013412584 -0.290783340 -0.037350867
0.021109240 -0.250554014 0.346714886
0.017168337 -0.282637178 0.712635586
-0.211871848 -0.217478425 0.714365605
-0.221560773 -0.169091880 0.391251768
-0.196121483 -0.277382575 -0.032503773
0.064173213 -0.274390308 0.812290097
0.112626101 -0.390545902 1.039680319
0.001075466 -0.263859149 1.361428051
-0.328203607 -0.179912112 1.272843542
-0.385368909 -0.212224265 1.007126171
-0.234573488 -0.108449952 0.788296295
-0.169217401 -0.156221783 1.419638594
-0.149470674 -0.080511926 1.595308140
p 3
1.135549905 0.230219047 0.008430054
1.127360783 0.233934516 0.385377977
1.091611602 0.259087900 0.772159787
0.993658166 0.039907876 0.787535966
1.032037292 -0.009406713 0.360146780
1.070010841 -0.013756553 -0.027779338
1.068129868 0.333548599 0.970785601
1.195299141 0.494107117 1.162406928
1.108483436 0.340414654 1.355727719
0.983759036 0.009481386 1.363962834
1.051660402 -0.168209020 1.172147996
0.963558125 -0.045006842 0.960356257
0.967689260 0.191170301 1.476645141
0.959993240 0.213089006 1.610337797
frame 457
p 1
0.035029135 -0.293388290 -0.044750749
0.021109240 -0.250554014 0.346714886
0.017168337 -0.282637178 0.712635586
-0.211871848 -0.217478425 0.714365605
-0.221560773 -0.169091880 0.391251768
-0.196121483 -0.277382575 -0.032503773
0.061592312 -0.267861791 0.804750000
0.100579753 -0.367037993 1.043672535
-0.001889621 -0.263769023 1.361706346
-0.330871464 -0.179862779 1.273164436
-0.388165578 -0.212140716 1.007643508
-0.237585413 -0.108460759 0.788975956
-0.171917877 -0.156209724 1.419859919
-0.152044302 -0.080547407 1.595418444
p 3
1.135549905 0.230219047 0.008430054
1.127360783 0.233934516 0.385377977
1.091611602 0.259087900 0.772159787
0.993658166 0.039907876 0.787535966
1.032037292 -0.009406713 0.360146780
1.070010841 -0.013756553 -0.027779338
1.068129868 0.333548599 0.970785601
1.195299141 0.494107117 1.162406928
1.108483436 0.340414654 1.355727719
0.983759036 0.009481386 1.363962834
1.051660402 -0.168209020 1.172147996
0.963558125 -0.045006842 0.960356257
0.967689260 0.191170301 1.476645141
0.959993240 0.213089006 1.610337797
frame 458
p 1
0.068528816 -0.266025449 -0.053449564
0.054012202 -0.254301755 0.339215762
0.002697888 -0.254164316 0.732875391
-0.211800751 -0.219162325 0.715759155
-0.217758481 -0.180985132 0.389046812
-0.196121483 -0.277382575 -0.032503773
0.085466324 -0.270913230 0.802620457
0.100579753 -0.367037993 1.043672535
-0.001889621 -0.263769023 1.361706346
-0.330871464 -0.179862779 1.273164436
-0.388165578 -0.212140716 1.007643508
-0.237585413 -0.108460759 0.788975956
-0.171917877 -0.156209724 1.419859919
-0.152044302 -0.080547407 1.595418444
p 3
1.135549905 0.230219047 0.008430054
1.127360783 0.233934516 0.385377977
1.091611602 0.259087900 0.772159787
0.993658166 0.039907876 0.787535966
1.032037292 -0.009406713 0.360146780
1.070010841 -0.013756553 -0.027779338
1.068129868 0.333548599 0.970785601
1.195299141 0.494107117 1.162406928
1.108483436 0.340414654 1.355727719
0.983759036 0.009481386 1.363962834
1.051660402 -0.168209020 1.172147996
0.963558125 -0.045006842 0.960356257
0.967689260 0.191170301 1.476645141
0.959993240 0.213089006 1.610337797
frame 459
p 1
0.097579033 -0.240545348 -0.054643464
0.035320396 -0.206221662 0.352046660
-0.009832599 -0.224362431 0.745420938
-0.211800751 -0.219162325 0.715759155
-0.215095084 -0.188648693 0.386367645
-0.196121483 -0.277382575 -0.032503773
0.055646463 -0.196775418 0.821228732
0.082318158 -0.323679239 1.055561871
-0.036480285 -0.183147149 1.385103796
-0.329323834 -0.185111242 1.272081140
-0.379853612 -0.232283466 0.992543123
-0.234225941 -0.117028657 0.784637370
-0.171917877 -0.156209724 1.419859919
-0.152044302 -0.080547407 1.595418444
p 3
1.135549905 0.230219047 0.008430054
1.127360783 0.233934516 0.385377977
1.087505903 0.258708156 0.772891196
0.989495112 0.039706315 0.788287100
1.032037292 -0.009406713 0.360146780
1.070010841 -0.013756553 -0.027779338
1.064297311 0.333117380 0.971314012
1.191643568 0.493564756 1.162770164
1.104856086 0.340011965 1.355993339
0.980004222 0.009314403 1.364247813
1.047535001 -0.168227185 1.172607605
0.959461919 -0.045117326 0.960971213
0.964169364 0.190880304 1.476838071
0.956614055 0.212780553 1.610439010
frame 460
p 1
0.107427814 -0.242298876 -0.057131211
0.060430170 -0.211764384 0.350026637
-0.013629243 -0.207031336 0.740473250
-0.217744744 -0.200999943 0.721048118
-0.215095084 -0.188648693 0.386367645
-0.196121483 -0.277382575 -0.032503773
0.058994393 -0.170033987 0.831767447
0.080987892 -0.262851724 1.061248627
-0.016254521 -0.167374103 1.356319756
-0.329323834 -0.185111242 1.272081140
-0.379853612 -0.232283466 0.992543123
-0.234225941 -0.117028657 0.784637370
-0.172564729 -0.145126980 1.413821166
-0.151840163 -0.082004048 1.595986379
p 3
1.135549905 0.230219047 0.008430054
1.127360783 0.233934516 0.385377977
1.087505903 0.258708156 0.772891196
0.989495112 0.039706315 0.788287100
1.032037292 -0.009406713 0.360146780
1.070010841 -0.013756553 -0.027779338
1.064297311 0.333117380 0.971314012
1.191643568 0.493564756 1.162770164
1.104856086 0.340011965 1.355993339
0.980004222 0.009314403 1.364247813
1.047535001 -0.168227185 1.172607605
0.959461919 -0.045117326 0.960971213
0.957226689 0.186463022 1.480068665
0.932281992 0.197281241 1.621738534
frame 461
p 1
0.086163951 -0.200256491 -0.025575865
0.062164781 -0.178752075 0.372681586
0.045329642 -0.213994601 0.733893752
-0.192470036 -0.201621163 0.714755173
-0.215095084 -0.188648693 0.386367645
-0.196121483 -0.277382575 -0.032503773
0.063015542 -0.140708356 0.842004959
0.083201561 -0.224407538 1.065379642
0.026761704 -0.203089204 1.316003658
-0.309776791 -0.192980974 1.262127689
-0.364234690 -0.233805128 0.990963635
-0.217589790 -0.118052418 0.782230554
-0.157611089 -0.146005758 1.413911178
-0.137616712 -0.082547962 1.596691395
p 3
1.135549905 0.230219047 0.008430054
1.127360783 0.233934516 0.385377977
1.087505903 0.258708156 0.772891196
0.989495112 0.039706315 0.788287100
1.032037292 -0.009406713 0.360146780
1.070010841 -0.013756553 -0.027779338
1.064297311 0.333117380 0.971314012
1.191643568 0.493564756 1.162770164
1.104856086 0.340011965 1.355993339
0.980004222 0.009314403 1.364247813
1.047535001 -0.168227185 1.172607605
0.959461919 -0.045117326 0.960971213
0.957226689 0.186463022 1.480068665
0.932281992 0.197281241 1.621738534
frame 462
p 1
0.086163951 -0.200256491 -0.025575865
0.062164781 -0.178752075 0.372681586
0.045329642 -0.213994601 0.733893752
-0.192470036 -0.201621163 0.714755173
-0.209269438 -0.171585777 0.388745531
-0.202969323 -0.257755336 -0.026418069
0.081453826 -0.135416999 0.831142592
0.114308436 -0.195949988 1.055990426
0.026242452 -0.179897184 1.318147516
-0.285149717 -0.196941493 1.264546339
-0.340521777 -0.236384807 1.000325278
-0.226672613 -0.099966052 0.798658210
-0.131060546 -0.142289720 1.410758372
-0.145396535 -0.062750077 1.584180212
p 3
1.135549905 0.230219047 0.008430054
1.127360783 0.233934516 0.385377977
1.087505903 0.258708156 0.772891196
0.989495112 0.039706315 0.788287100
1.032037292 -0.009406713 0.360146780
1.070010841 -0.013756553 -0.027779338
1.064297311 0.333117380 0.971314012
1.191643568 0.493564756 1.162770164
1.104856086 0.340011965 1.355993339
0.980004222 0.009314403 1.364247813
1.047535001 -0.168227185 1.172607605
0.938643597 -0.047846827 0.967200007
0.957226689 0.186463022 1.480068665
0.932281992 0.197281241 1.621738534
frame 463
p 1
0.102129335 -0.200812026 -0.032017182
0.080174201 -0.181512301 0.370058000
0.077954933 -0.211250940 0.721953876
-0.149407333 -0.208244295 0.711086177
-0.209269438 -0.171585777 0.388745531
-0.202969323 -0.257755336 -0.026418069
0.111386492 -0.135353115 0.825084942
0.144054757 -0.196654069 1.051208570
0.053371538 -0.180357415 1.315303881
-0.260512641 -0.197491970 1.261550816
-0.314618418 -0.237348992 0.995495737
-0.185882869 -0.102809036 0.793700663
-0.106331061 -0.142290059 1.408702999
-0.122179054 -0.062255834 1.583158599
p 3
1.135549905 0.230219047 0.008430054
1.127360783 0.233934516 0.385377977
1.087505903 0.258708156 0.772891196
0.989495112 0.039706315 0.788287100
1.032037292 -0.009406713 0.360146780
1.070010841 -0.013756553 -0.027779338
1.064297311 0.333117380 0.971314012
1.191643568 0.493564756 1.162770164
1.072861167 0.338318104 1.355545779
0.975355746 0.003206305 1.373490876
1.047535001 -0.168227185 1.172607605
0.938643597 -0.047846827 0.967200007
0.957226689 0.186463022 1.480068665
0.932281992 0.197281241 1.621738534
frame 464
p 1
0.102129335 -0.200812026 -0.032017182
0.103993908 -0.183205143 0.364175754
0.085925127 -0.170533972 0.746337257
-0.146795461 -0.178709970 0.721863378
-0.171149552 -0.178294101 0.383485207
-0.202969323 -0.257755336 -0.026418069
0.136483078 -0.138583454 0.824298694
0.168655498 -0.199990989 1.051668567
0.068694927 -0.181023352 1.333852828
-0.243372736 -0.178514197 1.257674854
-0.296046469 -0.227034996 0.995610422
-0.162985313 -0.105823644 0.792736928
-0.085396383 -0.144830548 1.411035879
-0.102556694 -0.064109337 1.586226375
p 3
1.135549905 0.230219047 0.008430054
1.127360783 0.233934516 0.385377977
1.087505903 0.258708156 0.772891196
0.989495112 0.039706315 0.788287100
1.032037292 -0.009406713 0.360146780
1.070010841 -0.013756553 -0.027779338
1.064297311 0.333117380 0.971314012
1.191643568 0.493564756 1.162770164
1.072861167 0.338318104 1.355545779
0.975355746 0.003206305 1.373490876
1.047535001 -0.168227185 1.172607605
0.938643597 -0.047846827 0.967200007
0.948769798 0.185732641 1.480442822
0.902587537 0.194870021 1.622735812
frame 465
p 1
0.102129335 -0.200812026 -0.032017182
0.103993908 -0.183205143 0.364175754
0.111576621 -0.171906115 0.741973382
-0.124278892 -0.167983689 0.727378302
-0.145963377 -0.182415078 0.379631226
-0.202969323 -0.257755336 -0.026418069
0.161788513 -0.141840661 0.823505894
0.193453093 -0.203354924 1.052132374
0.103705009 -0.205794895 1.324446753
-0.222498337 -0.181440254 1.259217173
-0.274137871 -0.230635527 0.995722577
-0.139903824 -0.108862674 0.791765203
-0.064319285 -0.147387699 1.413384899
-0.082813244 -0.065973459 1.589313456
p 3
1.135549905 0.230219047 0.008430054
1.127360783 0.233934516 0.385377977
1.087505903 0.258708156 0.772891196
0.989495112 0.039706315 0.788287100
1.032037292 -0.009406713 0.360146780
1.070010841 -0.013756553 -0.027779338
1.064297311 0.333117380 0.971314012
1.191643568 0.493564756 1.162770164
1.072861167 0.338318104 1.355545779
0.975355746 0.003206305 1.373490876
1.047535001 -0.168227185 1.172607605
0.938643597 -0.047846827 0.967200007
0.948769798 0.185732641 1.480442822
0.902587537 0.194870021 1.622735812
frame 466
p 1
0.102129335 -0.200812026 -0.032017182
0.106249817 -0.179607135 0.359043532
0.116748944 -0.170793400 0.739368320
-0.116214048 -0.166973928 0.724035348
-0.145963377 -0.182415078 0.379631226
-0.202969323 -0.257755336 -0.026418069
0.170756782 -0.107686977 0.826339584
0.192914609 -0.161216427 1.070355169
0.120342374 -0.176833184 1.307688536
-0.202932728 -0.181805864 1.256834054
-0.258585087 -0.215453149 0.995866034
-0.124629806 -0.084013462 0.784572026
-0.044692361 -0.147359283 1.411796735
-0.064416196 -0.065549417 1.588543330
p 3
1.135549905 0.230219047 0.008430054
1.127360783 0.233934516 0.385377977
1.087505903 0.258708156 0.772891196
0.989495112 0.039706315 0.788287100
1.032037292 -0.009406713 0.360146780
1.070010841 -0.013756553 -0.027779338
1.064297311 0.333117380 0.971314012
1.191643568 0.493564756 1.162770164
1.072861167 0.338318104 1.355545779
0.975355746 0.003206305 1.373490876
1.047535001 -0.168227185 1.172607605
0.938643597 -0.047846827 0.967200007
0.944630467 0.185677011 1.480138366
0.888055524 0.194766334 1.621506938
frame 467
p 1
0.102129335 -0.200812026 -0.032017182
0.106249817 -0.179607135 0.359043532
0.116748944 -0.170793400 0.739368320
-0.116214048 -0.166973928 0.724035348
-0.145963377 -0.182415078 0.379631226
-0.202969323 -0.257755336 -0.026418069
0.194460005 -0.109640980 0.824474385
0.216031083 -0.163342715 1.069723569
0.141976702 -0.178862046 1.308257560
-0.183196463 -0.183875628 1.257185531
-0.237955929 -0.217974318 0.994866027
-0.102885603 -0.085862160 0.782520529
-0.024815387 -0.149063220 1.412922290
-0.045811130 -0.066670441 1.590401462
p 3
1.135549905 0.230219047 0.008430054
1.127360783 0.233934516 0.385377977
1.087505903 0.258708156 0.772891196
0.989495112 0.039706315 0.788287100
1.032037292 -0.009406713 0.360146780
1.070010841 -0.013756553 -0.027779338
1.064297311 0.333117380 0.971314012
1.191643568 0.493564756 1.162770164
1.072861167 0.338318104 1.355545779
0.975355746 0.003206305 1.373490876
1.047535001 -0.168227185 1.172607605
0.938643597 -0.047846827 0.967200007
0.940644141 0.186241491 1.478851360
0.874082494 0.196816672 1.616831619
frame 468
p 1
0.102129335 -0.200812026 -0.032017182
0.100729894 -0.164668887 0.360086578
0.139172999 -0.172121141 0.735751055
-0.084150975 -0.164856209 0.720301713
-0.144289777 -0.110515486 0.388056752
-0.178297932 -0.261731610 -0.028300637
0.201290679 -0.109575456 0.823115184
0.222743735 -0.163421041 1.068695878
0.148228775 -0.178957127 1.307602743
-0.154688209 -0.191285120 1.264780075
-0.208223207 -0.222704462 0.995028366
-0.101315099 -0.077761102 0.789314779
-0.003427412 -0.129600299 1.428704430
0.020248419 -0.083555913 1.609232941
p 3
1.135549905 0.230219047 0.008430054
1.090750167 0.237316762 0.386611111
1.023642011 0.262250675 0.772504111
0.989495112 0.039706315 0.788287100
1.032037292 -0.009406713 0.360146780
1.070010841 -0.013756553 -0.027779338
1.064297311 0.333117380 0.971314012
1.191643568 0.493564756 1.162770164
1.072861167 0.338318104 1.355545779
0.975355746 0.003206305 1.373490876
1.047535001 -0.168227185 1.172607605
0.938643597 -0.047846827 0.967200007
0.940644141 0.186241491 1.478851360
0.874082494 0.196816672 1.616831619
frame 469
p 1
0.102129335 -0.200812026 -0.032017182
0.100729894 -0.164668887 0.360086578
0.139172999 -0.172121141 0.735751055
-0.091965141 -0.145190332 0.728069982
-0.150513777 -0.093292712 0.392228389
-0.185682287 -0.246193246 -0.009509168
0.214988888 -0.109436837 0.820392291
0.236206778 -0.163571034 1.066637236
0.160765501 -0.179139965 1.306292078
-0.150121241 -0.173904255 1.268722990
-0.196242539 -0.223064763 0.992848450
-0.088817151 -0.077570019 0.786595768
0.007954965 -0.129551479 1.427822063
0.031149584 -0.083372748 1.608815154
p 3
1.135549905 0.230219047 0.008430054
1.090750167 0.237316762 0.386611111
1.023642011 0.262250675 0.772504111
0.954513428 0.041701755 0.790043105
1.032037292 -0.009406713 0.360146780
1.230443956 -0.034724858 -0.051332813
1.064297311 0.333117380 0.971314012
1.191643568 0.493564756 1.162770164
1.072861167 0.338318104 1.355545779
0.975355746 0.003206305 1.373490876
1.047535001 -0.168227185 1.172607605
0.938643597 -0.047846827 0.967200007
0.940644141 0.186241491 1.478851360
0.874082494 0.196816672 1.616831619
frame 470
p 1
0.102129335 -0.200812026 -0.032017182
0.130083406 -0.167550444 0.353963897
0.158084816 -0.183019646 0.738576825
-0.073937271 -0.142340544 0.731108246
-0.129459806 -0.063009421 0.396524775
-0.147650143 -0.223097759 0.011803530
0.214988888 -0.109436837 0.820392291
0.236206778 -0.163571034 1.066637236
0.195564768 -0.177812435 1.299814171
-0.150121241 -0.173904255 1.268722990
-0.202392657 -0.207837894 1.000201824
-0.094855391 -0.063329648 0.792715601
0.031413787 -0.131175094 1.428517755
0.022411985 -0.082827220 1.608362476
p 3
1.135549905 0.230219047 0.008430054
1.090750167 0.237316762 0.386611111
1.023642011 0.262250675 0.772504111
0.954513428 0.041701755 0.790043105
1.032037292 -0.009406713 0.360146780
1.111767943 -0.029866986 -0.021360925
1.064297311 0.333117380 0.971314012
1.191643568 0.493564756 1.162770164
1.072861167 0.338318104 1.355545779
0.975355746 0.003206305 1.373490876
1.047535001 -0.168227185 1.172607605
0.938643597 -0.047846827 0.967200007
0.944541774 0.183645632 1.475325576
0.887710083 0.187542641 1.604922127
frame 471
p 1
0.102129335 -0.200812026 -0.032017182
0.143263386 -0.193285489 0.338011091
0.155756210 -0.180932027 0.743395579
-0.073937271 -0.142340544 0.731108246
-0.103636458 -0.059351769 0.384211524
-0.134441278 -0.192404532 0.000982408
0.221856632 -0.109363198 0.819028807
0.242956821 -0.163642397 1.065606499
0.190334357 -0.153122979 1.303954020
-0.146761040 -0.162576483 1.265233295
-0.203204080 -0.197345047 1.012472797
-0.089800824 -0.058765349 0.790726049
0.035407047 -0.123436981 1.426007654
0.028526771 -0.085647004 1.609008804
p 3
1.135549905 0.230219047 0.008430054
1.090750167 0.237316762 0.386611111
1.023642011 0.262250675 0.772504111
0.954513428 0.041701755 0.790043105
1.032037292 -0.009406713 0.360146780
1.111767943 -0.029866986 -0.021360925
1.064297311 0.333117380 0.971314012
1.191643568 0.493564756 1.162770164
1.072861167 0.338318104 1.355545779
0.975355746 0.003206305 1.373490876
1.047535001 -0.168227185 1.172607605
0.938643597 -0.047846827 0.967200007
0.944541774 0.183645632 1.475325576
0.887710083 0.187542641 1.604922127
frame 472
p 1
0.102129335 -0.200812026 -0.032017182
0.143263386 -0.193285489 0.338011091
0.155756210 -0.180932027 0.743395579
-0.056957486 -0.125651335 0.739339385
-0.089614362 -0.051662619 0.385337911
-0.090172075 -0.150774494 -0.021630101
0.233878012 -0.110344296 0.818079718
0.254678490 -0.164711029 1.065282796
0.201302192 -0.154057795 1.304244994
-0.136786551 -0.163554180 1.265423068
-0.192810674 -0.198530876 1.012034175
-0.078911269 -0.059603141 0.789734017
0.045504825 -0.124222830 1.426593917
0.038112337 -0.086261447 1.609978161
p 3
1.135549905 0.230219047 0.008430054
1.090750167 0.237316762 0.386611111
1.023642011 0.262250675 0.772504111
0.954513428 0.041701755 0.790043105
1.032037292 -0.009406713 0.360146780
1.051531359 -0.021278791 -0.013478234
1.064297311 0.333117380 0.971314012
1.191643568 0.493564756 1.162770164
1.072861167 0.338318104 1.355545779
0.975355746 0.003206305 1.373490876
1.047535001 -0.168227185 1.172607605
0.938643597 -0.047846827 0.967200007
0.944541774 0.183645632 1.475325576
0.887710083 0.187542641 1.604922127
frame 473
p 1
0.112553389 -0.224967437 -0.040100091
0.143263386 -0.193285489 0.338011091
0.155756210 -0.180932027 0.743395579
-0.064873968 -0.109400520 0.750058704
-0.072054437 -0.049252970 0.376950760
-0.074527423 -0.100552422 -0.039826411
0.240783391 -0.110268159 0.816712086
0.261466071 -0.164779871 1.064249241
0.201802763 -0.167360424 1.329276660
-0.142602942 -0.141784207 1.279524864
-0.194236511 -0.175323709 1.014977807
-0.082740806 -0.038079072 0.800534254
0.051276032 -0.124183221 1.426149532
0.043583623 -0.086163362 1.609772815
p 3
1.135549905 0.230219047 0.008430054
1.090750167 0.237316762 0.386611111
1.023642011 0.262250675 0.772504111
0.954513428 0.041701755 0.790043105
1.032037292 -0.009406713 0.360146780
1.051531359 -0.021278791 -0.013478234
1.064297311 0.333117380 0.971314012
1.191643568 0.493564756 1.162770164
1.072861167 0.338318104 1.355545779
0.975355746 0.003206305 1.373490876
1.047535001 -0.168227185 1.172607605
0.938643597 -0.047846827 0.967200007
0.944541774 0.183645632 1.475325576
0.887710083 0.187542641 1.604922127
frame 474
p 1
0.112553389 -0.224967437 -0.040100091
0.143263386 -0.193285489 0.338011091
0.155756210 -0.180932027 0.743395579
-0.071854686 -0.094148180 0.758490307
-0.041015894 -0.030707562 0.366961732
-0.054971970 -0.027536846 -0.042275314
0.218345404 -0.111608216 0.822596105
0.268266060 -0.164846621 1.063214760
0.208045241 -0.167364058 1.328685333
-0.136945413 -0.141820457 1.278876711
-0.192744640 -0.165614407 1.019947894
-0.083044139 -0.029910094 0.813270573
0.073055368 -0.123938619 1.424705782
0.104576880 -0.084987711 1.607227486
p 3
1.135549905 0.230219047 0.008430054
1.090750167 0.237316762 0.386611111
1.023642011 0.262250675 0.772504111
0.954513428 0.041701755 0.790043105
1.032037292 -0.009406713 0.360146780
1.051531359 -0.021278791 -0.013478234
1.064297311 0.333117380 0.971314012
1.191643568 0.493564756 1.162770164
1.072861167 0.338318104 1.355545779
0.975355746 0.003206305 1.373490876
1.047535001 -0.168227185 1.172607605
0.938643597 -0.047846827 0.967200007
0.944541774 0.183645632 1.475325576
0.887710083 0.187542641 1.604922127
frame 475
p 1
0.103807462 -0.202721041 -0.037347897
0.143263386 -0.193285489 0.338011091
0.155756210 -0.180932027 0.743395579
-0.074963968 -0.086123111 0.760855422
-0.041015894 -0.030707562 0.366961732
-0.054292864 0.019733007 -0.019255726
0.224809310 -0.107624352 0.818135066
0.280142232 -0.185982688 1.071337188
0.218571332 -0.176617801 1.326330790
-0.116507715 -0.098739543 1.309403566
-0.192300543 -0.151398623 1.024254598
-0.079401060 -0.019075363 0.809240118
0.058819665 -0.081282750 1.445495147
0.078255239 -0.022133443 1.620325539
p 3
1.135549905 0.230219047 0.008430054
1.090750167 0.237316762 0.386611111
1.023642011 0.262250675 0.772504111
0.954513428 0.041701755 0.790043105
1.032037292 -0.009406713 0.360146780
1.051531359 -0.021278791 -0.013478234
1.064297311 0.333117380 0.971314012
1.191643568 0.493564756 1.162770164
1.072861167 0.338318104 1.355545779
0.975355746 0.003206305 1.373490876
1.047535001 -0.168227185 1.172607605
0.938643597 -0.047846827 0.967200007
0.944541774 0.183645632 1.475325576
0.887710083 0.187542641 1.604922127
frame 476
p 1
0.103807462 -0.202721041 -0.037347897
0.138812890 -0.180998110 0.338086579
0.155756210 -0.180932027 0.743395579
-0.074963968 -0.086123111 0.760855422
-0.029111586 -0.019715220 0.372760956
-0.035321434 0.022651146 -0.029836156
0.224809310 -0.107624352 0.818135066
0.275337265 -0.174532829 1.072013197
0.196569761 -0.139967432 1.344549498
-0.106192974 -0.092530490 1.302475384
-0.181254334 -0.125192387 1.016328466
-0.088311882 0.005772256 0.812666693
0.056165407 -0.067988302 1.447623450
0.090676607 -0.026796404 1.619237620
p 3
1.135549905 0.230219047 0.008430054
1.090750167 0.237316762 0.386611111
1.023642011 0.262250675 0.772504111
0.954513428 0.041701755 0.790043105
1.032037292 -0.009406713 0.360146780
1.051531359 -0.021278791 -0.013478234
1.064297311 0.333117380 0.971314012
1.191643568 0.493564756 1.162770164
1.072861167 0.338318104 1.355545779
0.975355746 0.003206305 1.373490876
1.047535001 -0.168227185 1.172607605
0.938643597 -0.047846827 0.967200007
0.944541774 0.183645632 1.475325576
0.887710083 0.187542641 1.604922127
frame 477
p 1
0.159928004 -0.207292601 -0.056950557
0.176315080 -0.184192815 0.329359859
0.185399290 -0.182321613 0.738276178
-0.061854746 -0.052777668 0.772367026
-0.044158375 0.014569920 0.385608504
-0.050070359 0.050718038 -0.003983079
0.250794606 -0.106239321 0.811519869
0.285985944 -0.233354119 1.020166225
0.216768930 -0.167253163 1.322463089
-0.103785018 -0.061299640 1.312598208
-0.192797900 -0.089550306 1.021698653
-0.093929237 0.020834039 0.815183514
0.053637060 -0.057692645 1.442437552
0.081595859 0.009579076 1.600272475
p 3
1.135549905 0.230219047 0.008430054
1.090750167 0.237316762 0.386611111
1.023642011 0.262250675 0.772504111
0.954513428 0.041701755 0.790043105
1.032037292 -0.009406713 0.360146780
1.051531359 -0.021278791 -0.013478234
1.064297311 0.333117380 0.971314012
1.191643568 0.493564756 1.162770164
1.072861167 0.338318104 1.355545779
0.975355746 0.003206305 1.373490876
1.012990345 -0.165099066 1.171756984
0.938643597 -0.047846827 0.967200007
0.944541774 0.183645632 1.475325576
0.887710083 0.187542641 1.604922127
frame 478
p 1
0.161530498 -0.214677368 -0.050912992
0.176315080 -0.184192815 0.329359859
0.185399290 -0.182321613 0.738276178
-0.061854746 -0.052777668 0.772367026
-0.050353431 0.026783400 0.394354229
-0.050070359 0.050718038 -0.003983079
0.250794606 -0.106239321 0.811519869
0.290071628 -0.238589559 1.014805503
0.226425347 -0.182616690 1.313852382
-0.107416769 -0.047083079 1.310273313
-0.182454877 -0.065046888 1.012162353
-0.071637548 0.028040198 0.828608365
0.046512191 -0.044683178 1.447527457
0.060200136 0.032705438 1.626089942
p 3
1.135549905 0.230219047 0.008430054
1.090750167 0.237316762 0.386611111
1.023642011 0.262250675 0.772504111
0.954513428 0.041701755 0.790043105
1.032037292 -0.009406713 0.360146780
1.051531359 -0.021278791 -0.013478234
1.064297311 0.333117380 0.971314012
1.191643568 0.493564756 1.162770164
1.072861167 0.338318104 1.355545779
0.975355746 0.003206305 1.373490876
1.012990345 -0.165099066 1.171756984
0.938643597 -0.047846827 0.967200007
0.932000605 0.183283263 1.475171579
0.892463844 0.187643307 1.605029224
frame 479
p 1
0.158926294 -0.209022997 -0.048476246
0.161983840 -0.154460753 0.342513003
0.176064638 -0.154628784 0.737906260
-0.071240043 -0.023070451 0.769515292
-0.052012380 0.033874220 0.388748198
-0.049111600 0.050722257 -0.010527605
0.250794606 -0.106239321 0.811519869
0.278798527 -0.219859306 1.025471479
0.217910905 -0.166135661 1.318903470
-0.119743452 -0.012599946 1.313799439
-0.194156982 -0.031484536 1.018946981
-0.083858194 0.058566893 0.833788996
0.037688783 -0.019062416 1.446815087
0.048986593 0.063493459 1.625563138
p 3
1.135549905 0.230219047 0.008430054
1.090750167 0.237316762 0.386611111
1.023642011 0.262250675 0.772504111
0.954513428 0.041701755 0.790043105
1.032037292 -0.009406713 0.360146780
1.051531359 -0.021278791 -0.013478234
1.064297311 0.333117380 0.971314012
1.191643568 0.493564756 1.162770164
1.072861167 0.338318104 1.355545779
0.975355746 0.003206305 1.373490876
1.012990345 -0.165099066 1.171756984
0.938643597 -0.047846827 0.967200007
0.929824412 0.184300390 1.477660902
0.884799188 0.191322539 1.613537661
frame 480
p 1
0.158926294 -0.209022997 -0.048476246
0.161983840 -0.154460753 0.342513003
0.174472914 -0.147985557 0.735639209
-0.071240043 -0.023070451 0.769515292
-0.052012380 0.033874220 0.388748198
-0.049111600 0.050722257 -0.010527605
0.233198798 -0.091965134 0.845336633
0.268684039 -0.200218972 1.032255106
0.203826105 -0.139518727 1.327766902
-0.139254309 0.028986978 1.287420299
-0.201581149 0.022727669 1.009966737
-0.071752285 0.095883514 0.822110921
0.028210539 0.014924106 1.437799540
0.036370129 0.082064132 1.624814512
p 3
1.135549905 0.230219047 0.008430054
1.090750167 0.237316762 0.386611111
1.023642011 0.262250675 0.772504111
0.954513428 0.041701755 0.790043105
1.032037292 -0.009406713 0.360146780
1.051531359 -0.021278791 -0.013478234
1.064297311 0.333117380 0.971314012
1.191643568 0.493564756 1.162770164
1.072861167 0.338318104 1.355545779
0.975355746 0.003206305 1.373490876
1.012990345 -0.165099066 1.171756984
0.938643597 -0.047846827 0.967200007
0.929824412 0.184300390 1.477660902
0.884799188 0.191322539 1.613537661
frame 481
p 1
0.296714377 -0.235366610 -0.078470859
0.222584879 -0.109163467 0.332972996
0.222654577 -0.111740511 0.720980907
-0.029515799 0.027932183 0.736667717
0.009733619 0.050676088 0.376035700
0.057087194 0.028141638 -0.023112647
0.227781095 -0.082143244 0.850226118
0.258999734 -0.184791150 1.042065226
0.186073476 -0.110249517 1.342714576
-0.150014622 0.059893205 1.291671031
-0.184945951 0.025022303 1.012742635
-0.076247383 0.109307308 0.820338786
0.020558722 0.031786832 1.441811584
0.033362350 0.098845276 1.617665310
p 3
1.135549905 0.230219047 0.008430054
1.090750167 0.237316762 0.386611111
1.023642011 0.262250675 0.772504111
0.954513428 0.041701755 0.790043105
1.032037292 -0.009406713 0.360146780
1.051531359 -0.021278791 -0.013478234
1.064297311 0.333117380 0.971314012
1.191643568 0.493564756 1.162770164
1.072861167 0.338318104 1.355545779
0.975355746 0.003206305 1.373490876
1.012990345 -0.165099066 1.171756984
0.938643597 -0.047846827 0.967200007
0.929824412 0.184300390 1.477660902
0.884799188 0.191322539 1.613537661
frame 482
p 1
0.226701824 -0.175604672 -0.087875864
0.192965695 -0.050866934 0.345565748
0.227138459 -0.098031774 0.704518138
-0.009400398 0.046215658 0.735445343
0.009733619 0.050676088 0.376035700
0.057087194 0.028141638 -0.023112647
0.246990071 -0.074617368 0.846334963
0.256340819 -0.178496201 1.020107012
0.130208167 -0.075987245 1.341476267
-0.160760737 0.074381813 1.288240528
-0.217443168 0.080849603 0.992594287
-0.055762963 0.150253602 0.792348807
0.010830133 0.053591666 1.443752981
0.034620810 0.122984844 1.631062846
p 3
1.135549905 0.230219047 0.008430054
1.090750167 0.237316762 0.386611111
1.023642011 0.262250675 0.772504111
0.954513428 0.041701755 0.790043105
1.032037292 -0.009406713 0.360146780
1.051531359 -0.021278791 -0.013478234
1.064297311 0.333117380 0.971314012
1.191643568 0.493564756 1.162770164
1.072861167 0.338318104 1.355545779
0.975355746 0.003206305 1.373490876
1.012990345 -0.165099066 1.171756984
0.938643597 -0.047846827 0.967200007
0.929824412 0.184300390 1.477660902
0.884799188 0.191322539 1.613537661
frame 483
p 1
0.199731308 -0.139630364 -0.061809940
0.173914244 -0.016222041 0.367609962
0.220483044 -0.074714461 0.700654030
-0.009400398 0.046215658 0.735445343
-0.032792521 0.113501972 0.369812945
0.014347236 0.049023035 -0.031918881
0.245178736 -0.071209718 0.842461092
0.254768419 -0.175402868 1.015981217
0.125702750 -0.063275271 1.335772440
-0.170037553 0.094329360 1.291789981
-0.223308358 0.094580440 0.993776463
-0.063592514 0.167023750 0.795015513
0.003999307 0.071564019 1.439857775
0.029710428 0.139431168 1.623649171
p 3
1.135549905 0.230219047 0.008430054
1.090750167 0.237316762 0.386611111
1.023642011 0.262250675 0.772504111
0.954513428 0.041701755 0.790043105
1.032037292 -0.009406713 0.360146780
1.051531359 -0.021278791 -0.013478234
1.064297311 0.333117380 0.971314012
1.191643568 0.493564756 1.162770164
1.072861167 0.338318104 1.355545779
0.975355746 0.003206305 1.373490876
1.012990345 -0.165099066 1.171756984
0.938643597 -0.047846827 0.967200007
0.929824412 0.184300390 1.477660902
0.884799188 0.191322539 1.613537661
frame 484
p 1
0.168304865 -0.110280610 -0.077846976
0.160596269 -0.001720425 0.354716936
0.215313964 -0.076053990 0.703210037
0.008009495 0.069030651 0.706596441
-0.015700825 0.116852361 0.361897786
-0.006593972 0.062160638 -0.038911896
0.227386269 -0.047275173 0.847994784
0.229089896 -0.140829727 1.030895901
0.124374065 -0.061455058 1.321313695
-0.156262676 0.108043315 1.287826197
-0.227589724 0.089571243 1.000863169
-0.052669471 0.173079943 0.786324725
-0.007011470 0.085787276 1.438838099
0.019436701 0.156225733 1.618059167
p 3
1.135549905 0.230219047 0.008430054
1.090750167 0.237316762 0.386611111
1.007273787 0.282205849 0.779096802
0.939478433 0.062284961 0.796320954
1.032037292 -0.009406713 0.360146780
1.051531359 -0.021278791 -0.013478234
1.046910418 0.353248601 0.977208259
1.172271107 0.513590193 1.167959916
1.054240307 0.359137657 1.359718522
0.958854638 0.025104202 1.377411148
0.996962048 -0.142647941 1.176542857
0.923094300 -0.026383554 0.972859964
0.922477183 0.205599132 1.481665087
0.901370965 0.212984284 1.618607528
frame 485
p 1
0.154397246 -0.076558188 -0.065912642
0.146593037 0.026592719 0.367633109
0.206149369 -0.057889210 0.710937434
-0.001970890 0.095861570 0.710889117
-0.019449733 0.122014676 0.370352340
-0.006593972 0.062160638 -0.038911896
0.234077698 -0.047047566 0.846747675
0.235753738 -0.140802757 1.029861622
0.130349408 -0.061310979 1.320738464
-0.157023395 0.120597421 1.293405479
-0.225337031 0.102792317 0.997949498
-0.054257284 0.188187943 0.793679678
-0.003589124 0.096943501 1.433695052
0.016471833 0.171976829 1.622779472
p 3
1.135549905 0.230219047 0.008430054
1.090750167 0.237316762 0.386611111
1.006672552 0.284473457 0.777207632
0.939008814 0.064558793 0.794457569
1.032037292 -0.009406713 0.360146780
1.051531359 -0.021278791 -0.013478234
1.031028012 0.368083596 0.959030482
1.171563737 0.515975776 1.165996168
1.053343147 0.361655264 1.357856360
0.958177333 0.027654172 1.375600965
0.996395819 -0.140127727 1.174714754
0.883080039 -0.020849954 0.970851435
0.921716189 0.208127891 1.479862233
0.900631732 0.215534199 1.616805678
frame 486
p 1
0.217877948 -0.059949869 -0.079903531
0.192944394 0.035989107 0.360731735
0.220285866 -0.029848761 0.699907579
0.016869081 0.094829027 0.709238451
0.013313691 0.132493281 0.351153574
0.019705803 0.065720428 -0.052303683
0.229237060 -0.031420660 0.852679910
0.236031209 -0.132707335 1.029308246
0.160377063 -0.042783812 1.309448997
-0.154400343 0.120793116 1.293139189
-0.222574115 0.102977257 0.997479259
-0.051276512 0.188458284 0.793067519
0.005146406 0.098936128 1.431186170
0.039709743 0.170358329 1.627958181
p 3
1.135549905 0.230219047 0.008430054
1.075926793 0.250619139 0.400687174
1.006672552 0.284473457 0.777207632
0.939008814 0.064558793 0.794457569
1.032037292 -0.009406713 0.360146780
1.051531359 -0.021278791 -0.013478234
1.015091045 0.390414467 0.940711914
1.171563737 0.515975776 1.165996168
1.053343147 0.361655264 1.357856360
0.958177333 0.027654172 1.375600965
0.996395819 -0.140127727 1.174714754
0.868005075 -0.017075494 0.967000911
0.921716189 0.208127891 1.479862233
0.900631732 0.215534199 1.616805678
frame 487
p 1
0.207085704 -0.036290503 -0.071792128
0.192944394 0.035989107 0.360731735
0.220285866 -0.029848761 0.699907579
0.016869081 0.094829027 0.709238451
0.013313691 0.132493281 0.351153574
0.019705803 0.065720428 -0.052303683
0.247085393 -0.022518024 0.839742949
0.250240712 -0.120270889 1.023093394
0.155254688 -0.037024220 1.316230309
-0.154667994 0.124543704 1.290475427
-0.224830628 0.111568619 0.996172716
-0.051276512 0.188458284 0.793067519
0.005146406 0.098936128 1.431186170
0.039709743 0.170358329 1.627958181
frame 488
p 1
0.186902398 -0.003983968 -0.037989635
0.192944394 0.035989107 0.360731735
0.215976492 -0.015881133 0.697673182
0.006797917 0.116644302 0.718243098
0.013313691 0.132493281 0.351153574
0.019705803 0.065720428 -0.052303683
0.241809142 0.004270245 0.836061809
0.251633727 -0.111182520 1.018701215
0.153775175 -0.023933932 1.314803155
-0.156901786 0.132366187 1.297080484
-0.222068125 0.111757808 0.995700234
-0.048293794 0.188729288 0.792455207
0.003715805 0.108842511 1.432255367
0.027501629 0.204612336 1.630924865
frame 489
p 1
0.269696528 0.014207013 -0.050097064
0.217516150 0.064511134 0.374986236
0.227448375 0.013768056 0.707066975
0.006797917 0.116644302 0.718243098
0.013313691 0.132493281 0.351153574
0.019705803 0.065720428 -0.052303683
0.253432594 0.005975755 0.832515334
0.271691002 -0.110920131 1.015576424
0.182168281 -0.020078843 1.308033216
-0.154288067 0.132570022 1.296818050
-0.196039439 0.108954202 0.997660973
-0.048070969 0.197658621 0.790544123
0.036206425 0.112720049 1.427805365
0.048605069 0.209661672 1.626229018
frame 490
p 1
0.282194974 0.005193739 -0.044628085
0.217516150 0.064511134 0.374986236
0.227448375 0.013768056 0.707066975
0.006797917 0.116644302 0.718243098
0.013313691 0.132493281 0.351153574
0.019705803 0.065720428 -0.052303683
0.253697780 0.020148539 0.817245397
0.266214972 -0.091671606 1.010136999
0.175368252 -0.009305436 1.313996516
-0.154288067 0.132570022 1.296818050
-0.196039439 0.108954202 0.997660973
-0.048070969 0.197658621 0.790544123
0.039030126 0.105275134 1.427611107
0.058640089 0.183684804 1.626508281
frame 491
p 1
0.282194974 0.005193739 -0.044628085
0.217516150 0.064511134 0.374986236
0.227448375 0.013768056 0.707066975
0.006797917 0.116644302 0.718243098
0.040915989 0.123509493 0.354705594
0.072620128 0.043314240 -0.046813643
0.280661309 0.023728266 0.809301474
0.288501614 -0.075943971 1.005730123
0.202290017 -0.008111558 1.311491205
-0.139024828 0.114591501 1.291992343
-0.180660580 0.091493809 0.991364404
-0.039107299 0.198489110 0.788696882
0.044536103 0.102755485 1.431619706
0.057252057 0.173399011 1.642058866
frame 492
p 1
0.282194974 0.005193739 -0.044628085
0.261538083 0.053179276 0.377721002
0.268766343 0.010825109 0.703506941
0.093628436 0.103388206 0.721162945
0.065516578 0.116734302 0.356665646
0.108586983 0.043136753 -0.059825629
0.312950428 0.021884192 0.807266656
0.323756526 -0.080424683 1.007343241
0.222140206 -0.013265664 1.328245616
-0.135857120 0.106605020 1.290257976
-0.157378708 0.082760294 1.001655656
-0.003307688 0.184470892 0.803279203
0.039156863 0.109168606 1.438571285
0.059314636 0.170973671 1.639611099
frame 493
p 1
0.282194974 0.005193739 -0.044628085
0.261538083 0.053179276 0.377721002
0.268766343 0.010825109 0.703506941
0.093628436 0.103388206 0.721162945
0.065516578 0.116734302 0.356665646
0.108586983 0.043136753 -0.059825629
0.283195095 0.060099458 0.844870864
0.342467751 -0.081107977 1.005851326
0.217000779 0.002758277 1.338426401
-0.128566800 0.089793313 1.284854325
-0.153024406 0.070483766 1.000220967
-0.034978127 0.182782137 0.808480249
0.046032416 0.101642131 1.429102969
0.056680737 0.173819693 1.642959701
frame 494
p 1
0.282194974 0.005193739 -0.044628085
0.261538083 0.053179276 0.377721002
0.268766343 0.010825109 0.703506941
0.093628436 0.103388206 0.721162945
0.065516578 0.116734302 0.356665646
0.108586983 0.043136753 -0.059825629
0.313176025 0.061974073 0.839420932
0.373374842 -0.080489619 1.001030609
0.244135861 0.003994690 1.336032175
-0.104531132 0.091470347 1.282407887
-0.127261372 0.071942275 0.995862313
-0.007732738 0.185088143 0.802882719
0.088132690 0.100221244 1.433110382
0.108842814 0.178402864 1.642624116
frame 495
p 1
0.342552952 -0.007992676 -0.051263237
0.294444143 0.052223714 0.371090901
0.321089704 -0.003691575 0.711645066
0.128828549 0.094411297 0.726724652
0.108861410 0.107530186 0.357220510
0.152097881 0.025495050 -0.055297884
0.324950996 0.061550160 0.838645072
0.385427273 -0.081301139 1.000597027
0.254748220 0.003557023 1.336457443
-0.095115487 0.091252600 1.282727511
-0.113564988 0.058226455 0.997527269
0.002784421 0.184989179 0.802030657
0.102613007 0.091300384 1.430798721
0.135175509 0.147683705 1.634851220
frame 496
frame 497
frame 498
frame 499
frame 500
frame 501
frame 502
frame 503
frame 504
frame 505
frame 506
frame 507
frame 508
frame 509
frame 510
frame 511
frame 512
frame 513
frame 514
frame 515
frame 516
p 1
0.233247446 -0.080514370 -0.006280715
0.213127189 -0.038297427 0.374692070
0.210458160 -0.063684265 0.743002978
0.044309659 -0.094211540 0.681523418
0.021840712 -0.112075522 0.388038730
0.078079896 -0.224773800 -0.058126002
0.288577883 -0.024716004 0.836640589
0.316662668 -0.053198104 1.056263657
0.246850421 -0.049376517 1.329278049
-0.071453550 -0.054339390 1.282446573
-0.141221889 -0.115775059 1.028123531
-0.056458644 -0.025635317 0.802870548
0.073397618 0.013545276 1.433811360
0.079691207 0.095558278 1.585903891
frame 517
p 1
0.175742040 -0.049342341 -0.024244935
0.219804028 -0.056676838 0.355376705
0.214372540 -0.059194588 0.736397749
0.058951579 -0.083053498 0.663749021
0.042086868 -0.095677309 0.369992730
0.076468997 -0.241865006 -0.060262696
0.287363954 -0.019980274 0.872852733
0.226503739 -0.085416040 1.077238496
0.245800997 -0.093295645 1.344429021
-0.060279647 -0.022058361 1.281747555
-0.131354936 -0.079454635 1.033581802
-0.044381759 0.012357392 0.799301348
0.096342965 0.006900088 1.420171783
0.157201264 0.090263551 1.608767818
frame 518
p 1
0.175742040 -0.049342341 -0.024244935
0.219804028 -0.056676838 0.355376705
0.216791478 -0.081948151 0.755267901
0.019285278 -0.017707577 0.725158657
0.000230634 -0.005490073 0.411663176
0.057452533 -0.203254931 -0.030332948
0.321546657 -0.096710988 0.872154132
0.319176014 -0.241724321 1.001957038
0.281316363 -0.128736799 1.304663202
-0.017359847 0.008400574 1.293862708
-0.120657474 -0.028118600 1.026574778
-0.020136168 0.051838744 0.802011683
0.149035768 0.000797380 1.429075909
0.181580724 0.084754818 1.619506508
frame 519
p 1
0.175742040 -0.049342341 -0.024244935
0.225970555 -0.070080343 0.352576569
0.229549250 -0.099707306 0.737065294
0.012489881 -0.012956028 0.742950908
0.011440240 0.034313905 0.405108623
0.007833520 -0.172490040 0.026633888
0.351270746 -0.128909113 0.828374193
0.319176014 -0.241724321 1.001957038
0.281316363 -0.128736799 1.304663202
-0.016588592 0.046338803 1.303635982
-0.102148524 0.028995608 1.025984255
-0.006825027 0.079139639 0.821845380
0.149035768 0.000797380 1.429075909
0.181580724 0.084754818 1.619506508
frame 520
p 1
0.175742040 -0.049342341 -0.024244935
0.225970555 -0.070080343 0.352576569
0.232289587 -0.105534442 0.735323102
0.011614043 0.036084127 0.756734019
0.051230448 0.062014123 0.362988679
-0.031666012 -0.154088598 0.041022613
0.310618850 -0.107917162 0.853422239
0.288531965 -0.244872580 0.984893741
0.279288678 -0.166908919 1.308822012
0.008898313 0.077375524 1.304470972
-0.091549455 0.089774194 1.025600072
0.047047314 0.115929952 0.794873708
0.151005905 0.012146868 1.432110308
0.224717407 0.034736193 1.630104342
frame 521
p 1
0.179078502 -0.029061994 -0.003812269
0.225970555 -0.070080343 0.352576569
0.232289587 -0.105534442 0.735323102
0.047062803 0.053359861 0.750183735
0.126749842 0.068879041 0.361396758
-0.033764384 -0.100689211 0.013822428
0.304163699 -0.118709116 0.846030543
0.248801045 -0.243035204 0.989913538
0.258105854 -0.169425609 1.315250324
0.043493527 0.108880784 1.306964817
-0.068192014 0.138004722 1.023156448
0.072719525 0.141654304 0.814458961
0.150044794 0.010346960 1.434944247
0.221357529 0.028295284 1.640079478
p 2
-0.277735026 0.901701737 0.020783343
-0.238725744 0.843636352 0.385107904
-0.200323575 0.781562174 0.763336604
0.032258804 0.891353293 0.784661572
0.139539798 0.805140640 0.406245899
0.203175418 0.768014088 0.013774234
-0.029250172 0.626202492 1.017114381
-0.347190437 0.743457952 1.118472864
-0.281322785 0.751477423 1.339590967
0.000862188 0.964930392 1.358128931
0.053488091 0.963530888 1.110909837
0.077463629 0.679296454 0.999755350
-0.119990259 0.830331943 1.483021279
-0.078406458 0.769128195 1.656360666
frame 522
p 1
0.200559214 -0.064403403 -0.038364760
0.225970555 -0.070080343 0.352576569
0.228784495 -0.105576672 0.736090968
0.082983030 0.072311980 0.765261825
0.153347229 0.068909822 0.354749458
-0.042685902 0.001367704 0.014883189
0.254405134 -0.130988490 0.858312920
0.151824773 -0.252002740 1.022067729
0.236809864 -0.181557616 1.303413788
0.064678481 0.139036540 1.308850630
-0.033862469 0.182158202 1.024616841
0.125347437 0.166563751 0.801832687
0.150044794 0.010346960 1.434944247
0.221357529 0.028295284 1.640079478
p 2
-0.281113522 0.906664758 0.028022213
-0.211020160 0.834944986 0.370302529
-0.171509148 0.758650432 0.763903992
0.055720022 0.871158057 0.781711193
0.151089103 0.787159852 0.398019273
0.215367006 0.749889443 0.003837876
0.016534539 0.605175360 1.017394361
-0.309658148 0.725809842 1.119882448
-0.243933762 0.733671880 1.343249587
0.042165460 0.948115828 1.361579287
0.097341082 0.946362104 1.111665338
0.125209431 0.658323361 0.999658973
-0.076863734 0.818785144 1.485888460
-0.025057947 0.772690988 1.655499509
frame 523
p 1
0.193059196 -0.051347716 -0.027808497
0.242220980 -0.048346376 0.329472021
0.196379471 -0.078359996 0.739688049
0.093699468 0.104580818 0.756147351
0.132318409 0.123514121 0.343230816
-0.059847652 0.129504111 -0.032395197
0.254405134 -0.130988490 0.858312920
0.128613837 -0.247305560 1.020023722
0.204048103 -0.171526242 1.291070390
0.095102989 0.167966114 1.316929959
-0.020448763 0.212978357 1.022064581
0.166928721 0.176566515 0.788441945
0.162040522 0.016467460 1.438552729
0.197538509 0.020466268 1.646637278
p 2
-0.250074826 0.895282615 -0.002489676
-0.179244124 0.811275954 0.353015724
-0.122569315 0.735078422 0.750164894
0.092288831 0.857099243 0.762786809
0.196030253 0.748723572 0.375859057
0.239487872 0.726789122 -0.029122930
0.068871563 0.581636787 1.004652706
-0.267288219 0.706063852 1.109610124
-0.201549317 0.714080580 1.335912907
0.090421396 0.929687610 1.352856801
0.149274211 0.927199815 1.098720877
0.180474012 0.634785617 0.985910428
-0.031556651 0.799394496 1.479618301
0.020764084 0.752666981 1.651575277
frame 524
p 1
0.124281446 -0.032629072 -0.023033827
0.213156228 -0.070321195 0.339042083
0.133547106 -0.064625428 0.735267832
0.119230989 0.118169232 0.756157736
0.135761327 0.184593370 0.351261944
-0.049141527 0.193789364 -0.049335130
0.187841071 -0.136569803 0.855029122
0.065321560 -0.209304468 1.025434178
0.116098234 -0.148559876 1.291366344
0.119068877 0.179237955 1.322308406
-0.003344190 0.249878362 1.038533102
0.192469800 0.175617528 0.781350716
0.146178493 0.015475605 1.440187659
0.182120186 0.016614012 1.652328596
p 2
-0.258644374 0.899754616 0.057579271
-0.167935214 0.806583291 0.405817441
-0.067178149 0.713190759 0.750250378
0.128016285 0.838156653 0.759079050
0.194847677 0.750663544 0.400381294
0.232887720 0.729611510 -0.009144897
0.136851170 0.557603589 1.007555233
-0.211480280 0.686565719 1.114048696
-0.146293728 0.694159235 1.343422817
0.151892423 0.915604711 1.351575298
0.237906390 0.883137629 1.079339528
0.250944339 0.611008549 0.988543782
0.021855535 0.780576978 1.486208829
0.065516589 0.735204599 1.652993535
p 4
-0.483466317 -0.748656596 -0.010882950
-0.551945380 -0.643481321 0.335460734
-0.602494161 -0.574313036 0.659962960
-0.494275028 -0.416179381 0.678041602
-0.542134410 -0.423273962 0.318601474
-0.656921332 -0.361268936 -0.019009778
-0.569438959 -0.892566207 1.146947604
-0.666964478 -0.698344412 1.005975876
-0.735072663 -0.559195976 1.250694001
-0.442506698 -0.338407373 1.268060347
-0.263306883 -0.318252879 1.090161138
-0.113116787 -0.502741534 1.189022324
-0.574559994 -0.490697384 1.417396024
-0.520724284 -0.546924370 1.591156280
frame 525
p 1
0.124281446 -0.032629072 -0.023033827
0.213156228 -0.070321195 0.339042083
0.127392146 -0.052400657 0.741058319
0.095596530 0.158889197 0.781495248
0.118780187 0.203918767 0.388185850
-0.002429999 0.269337245 -0.014308055
0.179981296 -0.127877066 0.869705237
0.021789208 -0.169184273 1.032142346
0.099528127 -0.117825892 1.304761894
0.103625847 0.208411098 1.330315583
0.026818880 0.289547193 1.045513504
0.215049338 0.202593303 0.819884216
0.134435977 0.039013644 1.445502215
0.186766612 0.007471243 1.650728891
p 2
-0.227635602 0.881609306 0.054222420
-0.105612169 0.765890061 0.409290166
-0.025619741 0.698263920 0.770572759
0.190258937 0.804447433 0.754420675
0.213759414 0.750560060 0.393892238
0.234071473 0.732849151 -0.020518966
0.189170875 0.536895010 1.013218038
-0.151172738 0.671122205 1.121595876
-0.104211608 0.677661822 1.352378082
0.197613110 0.900324474 1.360196163
0.286423462 0.863449473 1.087005906
0.305554593 0.590292922 0.993767413
0.064375648 0.769168761 1.492849740
0.105267828 0.735739703 1.651988898
p 4
-0.416164014 -0.748944156 -0.047267326
-0.497777972 -0.671233630 0.319468064
-0.537999273 -0.628813927 0.639627297
-0.489314416 -0.441124445 0.674479097
-0.505978481 -0.451418851 0.307629912
-0.654020888 -0.369124783 0.011884097
-0.510839924 -0.935597995 1.159584823
-0.611268141 -0.765337366 0.993370593
-0.706313410 -0.615371696 1.218306233
-0.434597560 -0.373479780 1.262757330
-0.259225977 -0.331756240 1.087094935
-0.081276599 -0.523209506 1.186756135
-0.562252191 -0.528269498 1.396468104
-0.514149989 -0.570395186 1.583719900
frame 526
p 1
0.124281446 -0.032629072 -0.023033827
0.213156228 -0.070321195 0.339042083
0.077548296 -0.035243628 0.730084168
0.106697040 0.183822162 0.750394238
0.106744523 0.230187015 0.391910114
-0.013496616 0.293083058 -0.011654815
0.127240914 -0.128659544 0.881461786
-0.008167628 -0.149781715 1.024446540
0.049415313 -0.065621081 1.291108483
0.139635947 0.250233045 1.317106034
0.055386148 0.313701842 1.044858657
0.199847466 0.235536750 0.839052417
0.123581717 0.063901924 1.447360751
0.191827200 0.005626126 1.641795446
p 2
-0.192128755 0.864033872 0.081160824
-0.050284607 0.708962184 0.398012358
0.030052268 0.672873004 0.776361766
0.238174482 0.802492087 0.759453113
0.222472306 0.770288880 0.360638685
0.234071473 0.732849151 -0.020518966
0.237216567 0.533287987 1.021993206
-0.069913348 0.603528686 1.092159237
-0.049165450 0.645807440 1.358164482
0.261033069 0.879123304 1.349478632
0.322042061 0.890089293 1.081510834
0.324278628 0.627036293 1.023547354
0.114869717 0.757595133 1.491624133
0.137303822 0.740940417 1.670256068
p 4
-0.392182732 -0.757899874 -0.044355933
-0.446341151 -0.719454248 0.295346006
-0.457863562 -0.694809751 0.632517130
-0.403992732 -0.492973177 0.642712419
-0.405181717 -0.493497811 0.320198414
-0.612242191 -0.398036303 0.061453834
-0.426797650 -0.991097346 1.141948991
-0.523799699 -0.850618174 0.983982593
-0.655761574 -0.668226800 1.225965017
-0.428511480 -0.418432257 1.250192565
-0.263538479 -0.334260819 1.092095096
-0.090294095 -0.492887492 1.186095376
-0.522171944 -0.578290560 1.379532978
-0.457504251 -0.616847978 1.579737548
frame 527
p 1
0.155272334 -0.037811731 -0.045932962
0.167102761 -0.029348985 0.348360762
0.064201873 0.000122375 0.734615435
0.081170391 0.234956545 0.768865344
0.106744523 0.230187015 0.391910114
-0.002481953 0.272685339 -0.023931521
0.100867072 -0.104897033 0.876973751
-0.056026316 -0.097998875 1.022801917
0.049415313 -0.065621081 1.291108483
0.131017711 0.257886908 1.330127841
0.080552656 0.357640995 1.054155675
0.229950404 0.240129987 0.841919300
0.112445140 0.086731750 1.451368018
0.196361802 -0.003434353 1.640645169
p 2
-0.128785238 0.828542061 0.132656728
0.012405881 0.649009479 0.385075249
0.070245627 0.654710556 0.779823342
0.251584625 0.785493216 0.760439738
0.239219963 0.758410745 0.355027453
0.241814567 0.721340980 -0.026857684
0.255772740 0.512418096 1.028685183
-0.040893338 0.582811153 1.102422036
0.017481995 0.635909474 1.366478723
0.293970275 0.862833200 1.358793392
0.370883674 0.872384446 1.091423505
0.354195089 0.600772772 1.038096020
0.153793735 0.750483498 1.490659057
0.180994791 0.734963942 1.669733488
p 4
-0.422545696 -0.748574980 -0.026425128
-0.408555865 -0.744930404 0.292359263
-0.422842277 -0.727265771 0.623942895
-0.347980073 -0.536613925 0.653545804
-0.286765197 -0.540882615 0.327106405
-0.558242821 -0.445219663 0.081717297
-0.367662042 -1.027504136 1.152111396
-0.482421279 -0.880611697 0.995808374
-0.609218778 -0.729462322 1.213594803
-0.440920134 -0.451281678 1.258513072
-0.272584629 -0.355811110 1.092855237
-0.090294095 -0.492887492 1.186095376
-0.516568720 -0.602114006 1.372897675
-0.448727223 -0.648182508 1.570423327
frame 528
p 1
0.139111329 -0.007778362 -0.025387029
0.141386909 0.004630406 0.349459968
0.007203103 0.043582482 0.748339825
0.065510463 0.269581393 0.769693981
0.093425850 0.254526764 0.403867288
-0.005606320 0.285316225 -0.044400635
0.129729979 -0.091051058 0.851091380
-0.100692720 -0.032425528 1.036541578
0.029320305 -0.032153615 1.292298432
0.106830969 0.293176886 1.334119468
0.064451146 0.380883961 1.051395987
0.204686716 0.278746871 0.836654900
0.105669681 0.088675183 1.447911597
0.189447058 -0.001415638 1.636885096
p 2
-0.052715390 0.771454214 0.119951141
0.074481819 0.619990411 0.389676483
0.116858208 0.627247860 0.776145877
0.276926788 0.785567364 0.782864664
0.265263406 0.757089098 0.368547263
0.232918847 0.733577463 -0.017492308
0.300456702 0.488709086 1.034694036
-0.002819516 0.561744829 1.108778308
0.054712322 0.615240941 1.375115908
0.334788255 0.843280188 1.367363669
0.414485910 0.852507226 1.097653112
0.400066578 0.577635054 1.044164113
0.191941570 0.730311821 1.500270346
0.218823772 0.714420308 1.680844074
p 4
-0.388089608 -0.767693932 -0.028020432
-0.399672078 -0.748028930 0.290529658
-0.363639697 -0.769321770 0.652600009
-0.290633653 -0.575292959 0.680787904
-0.227312813 -0.566560643 0.381589836
-0.473177234 -0.511045003 0.102785948
-0.237297949 -1.071104774 1.139167323
-0.384688023 -0.943898710 1.004135361
-0.573749899 -0.776075594 1.216539576
-0.424902552 -0.460649405 1.269237788
-0.287197283 -0.356596475 1.098151902
-0.073021427 -0.493651875 1.182155706
-0.499248994 -0.605187396 1.371651239
-0.386855906 -0.659382691 1.567902458
frame 529
p 1
0.139111329 -0.007778362 -0.025387029
0.141386909 0.004630406 0.349459968
-0.000656805 0.079051442 0.735122634
0.069664833 0.267837660 0.758520737
0.076291147 0.273172904 0.383870424
-0.005606320 0.285316225 -0.044400635
0.051207802 -0.037573685 0.887708214
-0.131119876 0.008651513 1.032331683
-0.036022660 0.026883553 1.298480236
0.122235087 0.324060152 1.330160852
0.071858738 0.424069700 1.048985337
0.181911426 0.312889449 0.851294237
0.091865566 0.125107320 1.447466951
0.171063270 0.025701972 1.650457007
p 2
0.048740778 0.715844680 0.085928176
0.161795339 0.590848993 0.399930798
0.170731957 0.614933812 0.779990636
0.299241921 0.772558214 0.787245063
0.271816806 0.756103893 0.368699268
0.230966175 0.739784001 -0.014556248
0.335564559 0.477591331 1.036488315
0.043191759 0.545437311 1.121725062
0.073864041 0.602042830 1.382092030
0.355906129 0.830562762 1.374438621
0.436946592 0.839567871 1.103651611
0.406201698 0.561634284 1.049966058
0.211615464 0.717321645 1.507772127
0.238387007 0.701208277 1.689091745
p 4
-0.388089608 -0.767693932 -0.028020432
-0.367118883 -0.772785717 0.300338052
-0.345236156 -0.771702485 0.645667783
-0.259198799 -0.598714345 0.675447753
-0.178245445 -0.599112131 0.370145700
-0.398109722 -0.565570468 0.091697385
-0.195786711 -1.085023216 1.135342172
-0.347445982 -0.961955716 1.009431215
-0.509242933 -0.829356484 1.242252539
-0.416123560 -0.512737822 1.270012230
-0.280930252 -0.374546925 1.090762268
-0.090627977 -0.452604150 1.200947052
-0.441345047 -0.674124307 1.363704441
-0.396221737 -0.683917347 1.558416855
frame 530
p 1
0.128844724 0.009420830 -0.008377347
0.130733641 0.029442744 0.352352582
-0.000656805 0.079051442 0.735122634
0.054327869 0.304959520 0.760109105
0.076291147 0.273172904 0.383870424
0.000910630 0.272108993 -0.046595125
0.029311014 -0.034137418 0.886359120
-0.164214187 0.042332053 1.037448314
-0.044311026 0.048289794 1.301178240
0.119788007 0.332811757 1.326370930
0.052544618 0.431172128 1.032093492
0.191413847 0.306052601 0.831923483
0.091865566 0.125107320 1.447466951
0.171063270 0.025701972 1.650457007
p 2
0.131776990 0.656930585 0.038315831
0.203635319 0.572223318 0.382409890
0.195390565 0.596207495 0.779206395
0.296848109 0.766305248 0.793446249
0.285859278 0.738039085 0.355171121
0.237306343 0.730576438 -0.019698739
0.358209728 0.452298701 1.053607344
0.082752003 0.525336525 1.130113593
0.145512835 0.568550437 1.383523510
0.366843781 0.838082451 1.367203128
0.455705851 0.840169104 1.096569858
0.454676582 0.535167507 1.008658138
0.239543385 0.706329365 1.502040968
0.259890308 0.712823512 1.690547717
p 4
-0.388089608 -0.767693932 -0.028020432
-0.367118883 -0.772785717 0.300338052
-0.339805129 -0.777589257 0.660150107
-0.250809975 -0.604674331 0.693012170
-0.152753849 -0.624327175 0.378963181
-0.303492977 -0.610158534 0.030447984
-0.142528143 -1.031535047 1.149055297
-0.295493689 -0.978011630 1.018143527
-0.460773309 -0.849635736 1.263702031
-0.381275387 -0.520268181 1.289933930
-0.277822625 -0.378477536 1.096008988
-0.046588445 -0.432542664 1.203510589
-0.397484957 -0.700370650 1.385961248
-0.334390827 -0.711436496 1.570135484
frame 531
p 1
0.117069420 0.034573515 -0.001541867
0.093461186 0.049580446 0.353596929
-0.025636572 0.109763524 0.729882620
0.059347474 0.319350354 0.757069231
0.034803412 0.303931853 0.382027234
-0.013496616 0.293083058 -0.011654815
-0.005910252 -0.005812888 0.891251733
-0.183710145 0.076624148 1.058230989
-0.069786008 0.066324721 1.296339060
0.119788007 0.332811757 1.326370930
0.045203180 0.441193600 1.041017685
0.185089096 0.318729944 0.833817709
0.069416813 0.167792041 1.456043425
0.139677863 0.083198434 1.665008643
p 2
0.300570709 0.541950728 -0.024493422
0.281495286 0.557930257 0.388305238
0.229316647 0.574986443 0.780792388
0.296848109 0.766305248 0.793446249
0.285859278 0.738039085 0.355171121
0.237306343 0.730576438 -0.019698739
0.363220465 0.445913067 1.049598896
0.114908869 0.521811434 1.122627541
0.179214340 0.551181643 1.385713332
0.366843781 0.838082451 1.367203128
0.455705851 0.840169104 1.096569858
0.411688993 0.673166180 0.970654274
0.266694883 0.676802303 1.503797444
0.299979457 0.657862761 1.671671316
p 4
-0.376561201 -0.770288656 -0.033503121
-0.363733118 -0.761563639 0.320789202
-0.340606077 -0.783735522 0.668234284
-0.244946075 -0.621927782 0.700520382
-0.158178984 -0.642622706 0.371071764
-0.180389570 -0.675381237 -0.005424447
-0.068467672 -1.052836657 1.140297958
-0.285489297 -0.980565309 1.016138384
-0.452006071 -0.851655118 1.262426467
-0.372846069 -0.521321639 1.288853310
-0.268925867 -0.379199439 1.094517935
-0.037113591 -0.433350907 1.202224630
-0.388981697 -0.701909834 1.385020261
-0.326047756 -0.712901520 1.569597154
frame 532
p 1
0.120972376 0.032883850 -0.020506934
0.077112999 0.078289721 0.375611578
-0.025636572 0.109763524 0.729882620
0.058022353 0.327994391 0.749361273
0.031313026 0.309779663 0.386611949
-0.013496616 0.293083058 -0.011654815
-0.008822601 -0.003946970 0.889072130
-0.193155923 0.094614200 1.062095461
-0.086971305 0.099549160 1.304284140
0.100080220 0.373645518 1.321442643
0.042084946 0.446228520 1.036014875
0.179356118 0.319274098 0.842164669
0.060071169 0.182950280 1.442384764
0.122138619 0.090223063 1.646289784
p 2
0.373840484 0.535625209 -0.032944616
0.333183472 0.552396689 0.389004577
0.286991906 0.573735289 0.782861744
0.296848109 0.766305248 0.793446249
0.285859278 0.738039085 0.355171121
0.237306343 0.730576438 -0.019698739
0.393058778 0.387357042 0.991587857
0.157372753 0.489509077 1.108129838
0.199920250 0.520131226 1.375030836
0.380158406 0.811549786 1.375616625
0.472671885 0.824552040 1.082439949
0.511835075 0.759520867 0.868599275
0.286473091 0.654698820 1.490217179
0.328498160 0.626578814 1.654674848
p 4
-0.376561201 -0.770288656 -0.033503121
-0.347388198 -0.771359087 0.322676474
-0.325511187 -0.785477937 0.662345118
-0.224350926 -0.627369872 0.698061678
-0.148064607 -0.672617075 0.357692998
-0.144861798 -0.703098491 -0.004762553
-0.027052869 -1.016851580 1.124527156
-0.258547563 -0.989441675 1.055465078
-0.403180045 -0.873811710 1.235408563
-0.328841303 -0.543943008 1.271474377
-0.258413835 -0.382809243 1.097101224
-0.015869590 -0.413948934 1.212619071
-0.338465898 -0.720702119 1.379081879
-0.236479399 -0.742746642 1.545795084
frame 533
p 1
0.120972376 0.032883850 -0.020506934
0.041054285 0.087979891 0.372704842
-0.070589664 0.137466442 0.727227570
0.049762381 0.335481886 0.741196899
0.031313026 0.309779663 0.386611949
-0.013496616 0.293083058 -0.011654815
-0.026483361 0.019803647 0.891606146
-0.209772337 0.120854125 1.063013212
-0.094872576 0.103997756 1.297392823
0.092905764 0.377340544 1.314741937
0.031451991 0.457443209 1.029987371
0.157268796 0.343811366 0.850918699
0.047551631 0.198330753 1.436276291
0.095705682 0.136187432 1.640423287
p 2
0.504847595 0.451253897 -0.013344384
0.434014332 0.477004651 0.368899376
0.319417282 0.543312427 0.771993809
0.360544072 0.725424752 0.789804236
0.323519865 0.713994838 0.349005155
0.260994351 0.711834304 -0.032572580
0.444745626 0.377521576 0.898275986
0.204099748 0.434912426 1.080397058
0.266164287 0.483951765 1.378478699
0.423531446 0.795985786 1.373918623
0.500613170 0.811597491 1.070443668
0.531620574 0.799948318 0.826002397
0.344054602 0.634541866 1.498927324
0.378919942 0.606585367 1.663721769
p 4
-0.361092384 -0.785092719 -0.025772787
-0.320030505 -0.786000672 0.323790210
-0.297797145 -0.793498341 0.657599072
-0.196748569 -0.631581109 0.690609515
-0.148064607 -0.672617075 0.357692998
-0.144861798 -0.703098491 -0.004762553
0.008790450 -0.988211806 1.126330218
-0.182998629 -0.999827826 1.052517593
-0.370217781 -0.879361483 1.241639240
-0.309573220 -0.546578079 1.276943436
-0.252441447 -0.383298473 1.096104979
0.008536615 -0.394548643 1.202862709
-0.312643800 -0.719082806 1.383639508
-0.201921873 -0.741713850 1.553844794
frame 534
p 1
0.108017046 0.055240670 -0.001111456
0.015485782 0.108831182 0.363360420
-0.079427822 0.147955580 0.716556323
0.038532200 0.345884280 0.720738118
0.031313026 0.309779663 0.386611949
-0.013496616 0.293083058 -0.011654815
-0.061772286 0.017442922 0.899717206
-0.256437190 0.145982917 1.074263240
-0.136385869 0.145294488 1.310375603
0.089290847 0.379209863 1.311407511
0.022013255 0.471508320 1.028465523
0.127402801 0.341926343 0.853792584
0.017966690 0.221353449 1.437360126
0.102009476 0.129619355 1.635509555
p 2
0.522377579 0.427984944 -0.030737980
0.451000381 0.453883428 0.353796943
0.335218879 0.520902539 0.759484523
0.361728237 0.726409907 0.785370773
0.322404079 0.708826517 0.361822131
0.248378237 0.726397910 -0.014016387
0.309256909 0.355108902 0.884390447
0.231504653 0.404975239 1.079250699
0.275300464 0.462101871 1.365127435
0.443491798 0.773394793 1.364333734
0.506945545 0.803779195 1.067992362
0.579504019 0.833791590 0.728506221
0.362650653 0.611016111 1.490398957
0.398474525 0.582329734 1.656299684
p 4
-0.346364493 -0.779553257 0.020156616
-0.239783577 -0.821902706 0.330945947
-0.205339532 -0.827407245 0.659317039
-0.161660632 -0.641600400 0.687443397
-0.157416777 -0.669821854 0.359300824
-0.161989302 -0.702622489 -0.009329554
0.064530430 -0.974041687 1.137113071
-0.189793365 -0.984655768 1.032089521
-0.321438214 -0.902527395 1.253581687
-0.290995042 -0.552900654 1.266497992
-0.252441447 -0.383298473 1.096104979
0.011260222 -0.387463347 1.189882815
-0.283474755 -0.726652162 1.384297280
-0.213102488 -0.738874211 1.553293220
frame 535
p 1
0.075410148 0.054581433 -0.005815131
0.001412898 0.116185047 0.358258370
-0.082230236 0.162923581 0.709156501
0.027841379 0.341179318 0.726688019
0.031355385 0.312359557 0.381086677
-0.011922604 0.292376806 -0.020905331
-0.068025825 0.034664779 0.900731367
-0.252348796 0.140387390 1.065692170
-0.136385869 0.145294488 1.310375603
0.079656177 0.389110964 1.324956434
0.015896710 0.480585641 1.035130450
0.117831687 0.358538764 0.861168240
0.012693866 0.229893634 1.441540829
0.086391813 0.148957054 1.651564320
p 2
0.528972938 0.420775434 -0.039940993
0.457560598 0.435154692 0.361361796
0.354415363 0.489591427 0.748662711
0.398904900 0.673428182 0.765965595
0.342545259 0.679575021 0.348306129
0.237701435 0.734530888 0.011265585
0.327943692 0.338003688 0.856701743
0.246001323 0.380303224 1.072459386
0.324656569 0.397624212 1.331091157
0.486731754 0.740144313 1.362407567
0.501489735 0.824072042 1.068691209
0.544103696 0.871544031 0.751415293
0.386063529 0.577538582 1.483915356
0.423291775 0.547677380 1.651136692
p 4
-0.314089863 -0.826814537 0.078791962
-0.167762720 -0.860694569 0.334086651
-0.148284704 -0.866721471 0.694413185
-0.168233720 -0.619268483 0.693408079
-0.119576154 -0.676416912 0.331316082
-0.162624198 -0.701635412 -0.006944248
0.111703460 -0.962684474 1.136470527
-0.187722653 -0.959881951 1.030285024
-0.287055100 -0.891985537 1.256664145
-0.261738360 -0.535125620 1.266030337
-0.221617131 -0.384771533 1.087880386
0.036984423 -0.373662815 1.172199364
-0.239567599 -0.716622437 1.389588057
-0.128493694 -0.735433722 1.558290045
frame 536
p 1
0.031485005 0.084952702 -0.025572227
-0.034526888 0.121004680 0.361282796
-0.082230236 0.162923581 0.709156501
0.027841379 0.341179318 0.726688019
0.031355385 0.312359557 0.381086677
-0.011922604 0.292376806 -0.020905331
-0.088692210 0.037575695 0.899325856
-0.270813363 0.142496165 1.063535904
-0.154549501 0.147092070 1.307131921
0.061674719 0.389702405 1.321673958
0.034540438 0.481988526 1.034861896
0.097480387 0.359823228 0.859865957
-0.005331663 0.231148735 1.437785045
0.068360690 0.150425904 1.646994713
p 2
0.614903049 0.366797853 -0.034271047
0.511715031 0.395677499 0.364699350
0.414381843 0.449842990 0.759107096
0.505082841 0.643486497 0.771006844
0.464426107 0.638778283 0.352221106
0.309489617 0.704141049 0.002800526
0.325211287 0.330682529 0.833736685
0.288823769 0.357498893 1.070506944
0.355093547 0.377608802 1.326536366
0.518479438 0.717015703 1.364385844
0.517616161 0.807049209 1.058603880
0.540280217 0.874764245 0.755249722
0.430081425 0.542869029 1.490258589
0.476703833 0.488323238 1.656995247
p 4
-0.271050164 -0.861921882 0.076967355
-0.117923056 -0.907812219 0.347471983
-0.129170114 -0.885045451 0.709249672
-0.139322287 -0.651239867 0.703827320
-0.093313721 -0.690716462 0.335278828
-0.127160172 -0.716108484 -0.012446490
0.139720355 -0.943882626 1.121452495
-0.173313067 -0.943114246 1.032430653
-0.281483923 -0.873678018 1.266827193
-0.250119421 -0.532711108 1.274912381
-0.221584039 -0.386626876 1.089186184
0.034377794 -0.361609656 1.169230811
-0.232669413 -0.696676263 1.398179410
-0.139928722 -0.699194467 1.552440290
frame 537
p 1
0.008157664 0.079776161 -0.050481893
-0.044252029 0.120118243 0.345406115
-0.129935599 0.165476954 0.712558501
0.012909956 0.339210633 0.729899473
0.012753608 0.314711915 0.381432076
-0.027258374 0.303972616 -0.029458879
-0.123695023 0.043626447 0.895400906
-0.298288249 0.146549128 1.059089073
-0.159745115 0.146667133 1.307640901
0.056434621 0.388940546 1.322124684
0.030982449 0.481319880 1.029658224
0.091589111 0.359014121 0.860922526
-0.019559617 0.245281623 1.445906997
0.029459162 0.204120016 1.671624849
p 2
0.612357858 0.383637919 -0.022779772
0.536020759 0.397087569 0.375196085
0.449773598 0.417562597 0.750741281
0.539157621 0.607423253 0.767772446
0.515603054 0.608367207 0.376326938
0.326251133 0.687354476 0.064910098
0.342915670 0.300187473 0.824044874
0.317883892 0.330981250 1.056839697
0.403024656 0.335045357 1.337591817
0.567367879 0.676791873 1.375650158
0.521881258 0.779530144 1.068599176
0.526909032 0.869555500 0.762350622
0.460925861 0.507023263 1.491632451
0.497205375 0.456860457 1.649376882
p 4
-0.163462432 -0.927339391 0.059226934
-0.093174015 -0.904873814 0.382273473
-0.108278428 -0.891914692 0.735908909
-0.118077860 -0.653240807 0.725140945
-0.087770685 -0.688659534 0.345444666
-0.137581705 -0.715445757 -0.006204373
0.191812776 -0.947974992 1.110588137
-0.101988333 -0.957472127 1.033987640
-0.224350835 -0.895337669 1.273342907
-0.215047830 -0.553507443 1.269533632
-0.219064059 -0.393060613 1.086029591
0.053172214 -0.368418617 1.150281656
-0.189850016 -0.707270622 1.399482078
-0.074001464 -0.712245569 1.552210722
frame 538
p 1
-0.050910135 0.089683693 -0.040365967
-0.077924933 0.126189565 0.346680746
-0.129935599 0.165476954 0.712558501
0.003978285 0.338037789 0.731823112
-0.015951957 0.321497752 0.378475938
-0.027258374 0.303972616 -0.029458879
-0.139430183 0.045402159 0.909650285
-0.308762594 0.145678383 1.060713424
-0.170114595 0.145825399 1.308659015
0.045973959 0.387425103 1.323026941
0.020192022 0.479451742 1.031188400
0.079832312 0.357404424 0.863033620
-0.033738202 0.246072671 1.442900792
0.005722788 0.210035329 1.658431203
p 2
0.629216686 0.360811797 -0.034754407
0.551154843 0.389826530 0.377356691
0.470394550 0.402234826 0.763608061
0.609591416 0.556072124 0.761188149
0.624276576 0.544931602 0.402242542
0.384169176 0.637564521 0.123643738
0.355711646 0.277879909 0.816985980
0.331193668 0.308374379 1.050656453
0.418258328 0.311197632 1.332534819
0.589079431 0.648635762 1.378659996
0.538806742 0.758358390 1.062041186
0.512092086 0.831933882 0.765913630
0.477442962 0.483624590 1.487285004
0.514418859 0.432645587 1.645889199
p 4
-0.056762520 -0.966130161 0.029511475
-0.037064521 -0.922845176 0.370149597
-0.097063708 -0.894450662 0.732959626
-0.101983575 -0.672214965 0.717843535
-0.073010232 -0.701249937 0.340025082
-0.125308500 -0.717762328 -0.011573089
0.222590934 -0.914128703 1.133307138
-0.048151963 -0.961752510 1.043569768
-0.172985050 -0.905974867 1.271133480
-0.205975441 -0.554684814 1.268355911
-0.206606909 -0.399325123 1.078084310
0.045290122 -0.352419641 1.145851633
-0.166009784 -0.710092056 1.393700764
-0.054993850 -0.695524242 1.559120576
frame 539
p 1
-0.106739041 0.100789606 -0.032575026
-0.091059163 0.125340436 0.350785224
-0.152025361 0.166865693 0.713898136
-0.013633142 0.337868334 0.733180986
-0.015951957 0.321497752 0.378475938
-0.027258374 0.303972616 -0.029458879
-0.153929758 0.046625279 0.909775852
-0.321752194 0.146395506 1.060261186
-0.213732960 0.167468662 1.300219598
0.033155625 0.387153771 1.321731248
0.006956583 0.478990453 1.030722856
0.065377205 0.357442521 0.863169699
-0.060487787 0.245220985 1.441542286
-0.001298989 0.210559862 1.656264444
p 2
0.637988139 0.373521051 -0.050726175
0.554506019 0.379458963 0.383365169
0.493297144 0.373191533 0.744139860
0.647645808 0.517221878 0.755085883
0.709727921 0.497015404 0.397211725
0.481991393 0.593317579 0.114509476
0.355711646 0.277879909 0.816985980
0.372241337 0.298112889 1.064451048
0.445934791 0.308325564 1.339320021
0.633986087 0.622850350 1.376482425
0.601862428 0.710638196 1.063378664
0.569501783 0.765305669 0.755751683
0.553673042 0.436863041 1.485788839
0.554934855 0.410435056 1.678202913
p 4
0.017117192 -0.990156723 0.005336097
-0.002858850 -0.909266379 0.361224528
-0.073759254 -0.876848625 0.712577747
-0.102250681 -0.664863054 0.712240924
-0.073010232 -0.701249937 0.340025082
-0.125308500 -0.717762328 -0.011573089
0.265257881 -0.908267964 1.130556271
0.009887200 -0.976174460 1.047524914
-0.108618574 -0.909775540 1.282216650
-0.177931795 -0.578840717 1.272940427
-0.197412619 -0.415008686 1.060682546
0.034933553 -0.327523708 1.153025767
-0.136178352 -0.717564606 1.390089716
-0.060433867 -0.698735315 1.550612786
frame 540
p 1
-0.175945706 0.116819942 -0.005220008
-0.118149255 0.113147105 0.356188209
-0.152025361 0.166865693 0.713898136
-0.013633142 0.337868334 0.733180986
-0.015951957 0.321497752 0.378475938
-0.027258374 0.303972616 -0.029458879
-0.153553295 0.027442757 0.888075039
-0.332149009 0.145535283 1.061881365
-0.223891706 0.166588349 1.301240752
0.022761514 0.385652961 1.322634505
-0.003763259 0.477136963 1.032249555
0.053706905 0.355847008 0.865272723
-0.070619347 0.244122683 1.442211504
-0.011152072 0.209555028 1.656461534
p 4
0.156132738 -0.988564302 -0.013633996
0.090758515 -0.939378617 0.342010343
0.061479912 -0.910818126 0.683740366
-0.102250681 -0.664863054 0.712240924
-0.090210830 -0.694610406 0.341008843
-0.125308500 -0.717762328 -0.011573089
0.324143941 -0.911288967 1.133913234
0.063415194 -0.967642261 1.032253643
-0.039030499 -0.937276058 1.292906813
-0.163610072 -0.583264117 1.262681106
-0.185173446 -0.435584931 1.068350545
0.053876314 -0.338998841 1.128149571
-0.119541589 -0.722795066 1.392322616
-0.066744390 -0.696819106 1.549608020
frame 541
p 1
-0.220345741 0.129063468 -0.002866206
-0.152888343 0.118034352 0.359294463
-0.152025361 0.166865693 0.713898136
-0.036840431 0.339081918 0.733336094
-0.021955047 0.323051749 0.377734549
-0.052403437 0.311068415 -0.029891756
-0.169698151 0.027748610 0.889948223
-0.344715118 0.140377773 1.061589671
-0.225243413 0.134410749 1.292758007
0.008626289 0.384402007 1.322666763
-0.006624488 0.452911573 1.026562237
0.037818725 0.354679135 0.866911128
-0.093624062 0.242146318 1.442787285
-0.056851779 0.204856298 1.657934111
p 4
0.242215036 -0.976107803 -0.014017934
0.175532382 -0.948992874 0.323865652
0.084628016 -0.907984232 0.696316692
-0.054162554 -0.698601139 0.707693445
-0.024522369 -0.718279441 0.334999321
-0.125308500 -0.717762328 -0.011573089
0.370862056 -0.905256749 1.132915130
0.069429384 -0.934421328 1.045518120
0.024571824 -0.984809880 1.264195806
-0.141851893 -0.624327248 1.262581168
-0.181444299 -0.472475132 1.066311493
0.065223279 -0.359038805 1.112930736
-0.015647727 -0.767496283 1.393985503
0.077360471 -0.716221917 1.555733908
frame 542
p 1
-0.232446504 0.127180547 0.003444147
-0.178420576 0.116393122 0.367283312
-0.185901881 0.162896827 0.722981853
-0.036840431 0.339081918 0.733336094
-0.021955047 0.323051749 0.377734549
-0.052403437 0.311068415 -0.029891756
-0.169698151 0.027748610 0.889948223
-0.366606937 0.139501705 1.063793632
-0.264673164 0.130606475 1.298082813
-0.015888160 0.362452787 1.309738466
-0.026291223 0.454237801 1.023529412
0.051389961 0.325327372 0.861828086
-0.124184454 0.240403701 1.442601911
-0.075773068 0.200552668 1.662494533
p 4
0.257761298 -0.974760231 -0.008454491
0.214645220 -0.950393611 0.345450772
0.146374284 -0.929842255 0.698426791
-0.034078001 -0.709840345 0.713897320
-0.000764227 -0.724928270 0.330208563
-0.125308500 -0.717762328 -0.011573089
0.410083819 -0.886524984 1.115847085
0.130896011 -0.947232186 1.059659584
0.075354204 -0.984663047 1.264563243
-0.085647985 -0.639041054 1.266067303
-0.153375015 -0.490602910 1.075508680
0.061327175 -0.361569880 1.104322663
0.020663479 -0.777423539 1.389347058
0.125955643 -0.734060161 1.545078333
frame 543
p 1
-0.232446504 0.127180547 0.003444147
-0.200334169 0.117325164 0.371590199
-0.220555359 0.164246265 0.726040213
-0.067629304 0.333973267 0.741224080
-0.038282875 0.318877423 0.385084858
-0.052403437 0.311068415 -0.029891756
-0.204892904 0.026407714 0.896967513
-0.397310863 0.137080194 1.068641188
-0.294881018 0.128395749 1.301238680
-0.046704648 0.358142417 1.312502557
-0.058220515 0.448879864 1.028144570
0.016450244 0.320806728 0.868145609
-0.139366548 0.200755877 1.439466755
-0.094566371 0.163897117 1.668712885
p 4
0.257761298 -0.974760231 -0.008454491
0.234016261 -0.913915878 0.359212217
0.187610450 -0.923752857 0.705926310
-0.007989957 -0.716566932 0.710402424
-0.000764227 -0.724928270 0.330208563
-0.125308500 -0.717762328 -0.011573089
0.492473695 -0.913745323 1.118984564
0.200524843 -0.968973158 1.058084563
0.156595917 -1.007574026 1.260808336
-0.038712255 -0.684653866 1.273002234
-0.141614925 -0.531669063 1.070042252
0.067847451 -0.389985192 1.076402393
0.078310262 -0.797323240 1.383340907
0.201592818 -0.771212805 1.523133450
frame 544
p 1
-0.250099009 0.129849258 0.006804792
-0.236289513 0.116193396 0.381608464
-0.241709585 0.144542706 0.717718288
-0.079045858 0.334577418 0.741279889
-0.054148525 0.317025676 0.389786609
-0.042668913 0.309650965 -0.031175864
-0.218724659 -0.017223948 0.904879445
-0.402198431 0.079221752 1.056029907
-0.297977948 0.072356306 1.290200600
-0.069663284 0.354975328 1.314579715
-0.082005857 0.444925907 1.031601777
-0.017674313 0.322436720 0.866979395
-0.151438444 0.170905852 1.438032032
-0.103805697 0.123685276 1.671674682
p 4
0.257761298 -0.974760231 -0.008454491
0.275721138 -0.929160241 0.354783904
0.258554749 -0.953538393 0.709248872
0.048533438 -0.735329109 0.709047694
0.052491798 -0.747850596 0.330698419
-0.125308500 -0.717762328 -0.011573089
0.521117878 -0.889659191 1.093696076
0.303920488 -0.989098952 1.044905288
0.214954284 -1.035711043 1.259035047
0.018224240 -0.747585719 1.295937601
-0.099103983 -0.584509413 1.083576380
0.047874733 -0.384574548 1.073587100
0.135908838 -0.831132382 1.381294906
0.216723277 -0.759185041 1.511835016
frame 545
p 1
-0.250099009 0.129849258 0.006804792
-0.249054556 0.113117962 0.388185431
-0.259098667 0.141018787 0.724292487
-0.096648120 0.292223077 0.737176629
-0.028025721 0.262919851 0.367956341
-0.031575545 0.285614857 -0.036162337
-0.220268630 -0.037973298 0.890563217
-0.412494145 0.078587810 1.057701621
-0.308119076 0.071782317 1.291299845
-0.064737550 0.313359532 1.317336439
-0.093772257 0.434995933 1.048150032
-0.052693920 0.268750744 0.907504208
-0.161467280 0.170033966 1.438736563
-0.113506092 0.122938966 1.671862163
p 4
0.257761298 -0.974760231 -0.008454491
0.275721138 -0.929160241 0.354783904
0.296481000 -0.973775164 0.717668050
0.113573541 -0.788865394 0.726347189
0.059948673 -0.699375413 0.369382174
-0.064147799 -0.744682598 0.005562257
0.597681790 -0.886985463 1.052808594
0.360654158 -1.025380670 1.037772454
0.264505128 -1.044935112 1.249279909
0.043759059 -0.752933548 1.294441310
-0.062777882 -0.619151376 1.086334732
0.057915738 -0.389314209 1.077967922
0.187369705 -0.849611416 1.391202121
0.288779862 -0.787321116 1.534637362
frame 546
p 1
-0.250099009 0.129849258 0.006804792
-0.260578205 0.119226841 0.384166513
-0.291650122 0.143766208 0.725777053
-0.096648120 0.292223077 0.737176629
-0.028025721 0.262919851 0.367956341
-0.031575545 0.285614857 -0.036162337
-0.215128785 -0.045381000 0.900329906
-0.422755551 0.074860722 1.052312322
-0.320752292 0.071078746 1.292673371
-0.077515510 0.311709121 1.318473487
-0.106804959 0.432836664 1.049982043
-0.009736281 0.253033110 0.927789277
-0.173730102 0.151404192 1.432912174
-0.148264630 0.115824602 1.662870272
p 4
0.326982505 -0.998498173 -0.022591502
0.331073747 -0.952466692 0.353456835
0.333606850 -0.990911501 0.738675084
0.141021618 -0.800023670 0.741114875
0.085993024 -0.685549996 0.397495150
-0.045034404 -0.752493147 0.041810924
0.612651248 -0.831770618 1.034742602
0.431400744 -1.013720961 1.024452075
0.296214025 -1.016973854 1.266172267
0.043759059 -0.752933548 1.294441310
-0.055972875 -0.636204819 1.079176615
0.080562224 -0.433805329 1.052906061
0.207729346 -0.851916845 1.381409079
0.293561319 -0.785822184 1.511300318
frame 547
p 1
-0.250099009 0.129849258 0.006804792
-0.260578205 0.119226841 0.384166513
-0.291650122 0.143766208 0.725777053
-0.096648120 0.292223077 0.737176629
-0.028025721 0.262919851 0.367956341
-0.031575545 0.285614857 -0.036162337
-0.232362109 -0.041964186 0.898398588
-0.438033529 0.077448683 1.049846734
-0.335778377 0.073355687 1.289276492
-0.092566624 0.312992661 1.315009955
-0.122083512 0.433938532 1.047500945
-0.026524556 0.254923140 0.925655132
-0.193394467 0.153056915 1.428860615
-0.179309548 0.117270260 1.657221097
frame 548
p 1
-0.250099009 0.129849258 0.006804792
-0.253465014 0.104108260 0.370432239
-0.272750516 0.091964083 0.705599638
-0.098970292 0.233042845 0.705422868
-0.034389116 0.216182935 0.351306672
-0.031575545 0.285614857 -0.036162337
-0.215141265 -0.096523341 0.875313897
-0.424157478 0.033907137 1.019235361
-0.333523281 0.052538668 1.287066025
-0.083726302 0.288279027 1.304961533
-0.102661299 0.395486198 1.018468740
-0.021997047 0.229420083 0.931212196
-0.197115916 0.153509449 1.427895890
-0.182916969 0.117709045 1.656078100
frame 549
p 1
-0.250099009 0.129849258 0.006804792
-0.253465014 0.104108260 0.370432239
-0.272750516 0.091964083 0.705599638
-0.098970292 0.233042845 0.705422868
-0.034389116 0.216182935 0.351306672
-0.031575545 0.285614857 -0.036162337
-0.210660425 -0.111223445 0.862713849
-0.426770113 0.033788597 1.019692344
-0.336039817 0.052406994 1.287341632
-0.086289834 0.287961499 1.305196798
-0.094271025 0.386684075 1.030231229
-0.042897242 0.223679471 0.940020867
-0.201957591 0.128491384 1.428702958
-0.176433322 0.083711798 1.642815859
frame 550
p 1
-0.250099009 0.129849258 0.006804792
-0.253465014 0.104108260 0.370432239
-0.272750516 0.091964083 0.705599638
-0.098970292 0.233042845 0.705422868
-0.030787465 0.207109043 0.349917875
-0.014475952 0.254943045 -0.062474958
-0.210660425 -0.111223445 0.862713849
-0.426770113 0.033788597 1.019692344
-0.336039817 0.052406994 1.287341632
-0.086289834 0.287961499 1.305196798
-0.094271025 0.386684075 1.030231229
-0.042897242 0.223679471 0.940020867
-0.201957591 0.128491384 1.428702958
-0.176433322 0.083711798 1.642815859
frame 551
p 1
-0.250099009 0.129849258 0.006804792
-0.253465014 0.104108260 0.370432239
-0.272750516 0.091964083 0.705599638
-0.077101934 0.225349203 0.711558975
-0.014406135 0.193044358 0.361608304
0.006371674 0.239254407 -0.052342452
-0.210660425 -0.111223445 0.862713849
-0.426770113 0.033788597 1.019692344
-0.336039817 0.052406994 1.287341632
-0.086289834 0.287961499 1.305196798
-0.074680306 0.347436214 1.015180647
-0.043530032 0.213306452 0.956481153
-0.201957591 0.128491384 1.428702958
-0.176433322 0.083711798 1.642815859
frame 552
p 1
-0.250099009 0.129849258 0.006804792
-0.253465014 0.104108260 0.370432239
-0.272750516 0.091964083 0.705599638
-0.069569780 0.207858144 0.705828300
-0.011017485 0.181350029 0.365760196
0.020049434 0.202245681 -0.042525052
-0.210660425 -0.111223445 0.862713849
-0.426770113 0.033788597 1.019692344
-0.336039817 0.052406994 1.287341632
-0.086289834 0.287961499 1.305196798
-0.074680306 0.347436214 1.015180647
-0.032455481 0.198939023 0.936762897
-0.201957591 0.128491384 1.428702958
-0.176433322 0.083711798 1.642815859
frame 553
p 1
-0.250099009 0.129849258 0.006804792
-0.253465014 0.104108260 0.370432239
-0.272750516 0.091964083 0.705599638
-0.081723719 0.229571848 0.723162791
0.003471238 0.178951377 0.365297074
0.052649587 0.177962200 -0.027171472
-0.207357534 -0.111811039 0.849717243
-0.426770113 0.033788597 1.019692344
-0.336039817 0.052406994 1.287341632
-0.086289834 0.287961499 1.305196798
-0.080844069 0.355562399 1.025228518
-0.040697359 0.215553223 0.943504761
-0.201957591 0.128491384 1.428702958
-0.176433322 0.083711798 1.642815859
p 3
1.322164869 -0.496199270 0.012326899
1.346910227 -0.590424110 0.366743921
1.325097436 -0.648891626 0.726354998
1.390424152 -0.873121748 0.730897904
1.482829555 -0.865667328 0.352047457
1.530423746 -0.866449283 0.001060972
1.248384106 -0.506931375 0.779588805
1.372044420 -0.501640477 1.118068122
1.332374140 -0.575489610 1.354616036
1.421417447 -0.936063144 1.359580883
1.394211640 -0.933769696 1.075719849
1.366129131 -0.989738531 0.793542393
1.325153551 -0.748432041 1.459771546
1.264677205 -0.751357617 1.583420548
frame 554
p 1
-0.250099009 0.129849258 0.006804792
-0.272974225 0.108697060 0.370301905
-0.271436933 0.086558476 0.711533575
-0.065080413 0.205569878 0.717393872
0.014431134 0.173887647 0.368523164
0.093037279 0.165781658 -0.026379974
-0.180798865 -0.100269228 0.834107606
-0.376624249 0.026249372 1.000385687
-0.329782273 0.055161166 1.282874131
-0.062826488 0.269927399 1.303139361
-0.064925130 0.354093409 1.027660734
-0.021937862 0.211836015 0.941317012
-0.186945810 0.126554854 1.432586207
-0.161772111 0.081795791 1.647388041
p 3
1.338275177 -0.527327242 0.021476713
1.349891286 -0.619131851 0.373778680
1.418955214 -0.705803681 0.736572668
1.444184883 -0.918003581 0.734669451
1.461893254 -0.867440781 0.363180623
1.530423746 -0.866449283 0.001060972
1.295859446 -0.567037441 0.766105054
1.398108003 -0.531627821 1.117221884
1.358079344 -0.605820489 1.355218239
1.448092183 -0.969236659 1.360594188
1.420301085 -0.966566248 1.075103078
1.391973961 -1.022761477 0.791441362
1.350712850 -0.779817122 1.461167422
1.289541040 -0.782417949 1.585527414
frame 555
p 1
-0.250099009 0.129849258 0.006804792
-0.249213508 0.100912357 0.372916023
-0.246960035 0.080468845 0.714497362
-0.041356777 0.199010984 0.722113417
0.033899007 0.170681370 0.367950751
0.081190320 0.162615940 -0.018906351
-0.165662327 -0.102215753 0.833617943
-0.363290996 0.025009335 1.000576855
-0.317133163 0.054223407 1.284014316
-0.049898544 0.269786834 1.304386762
-0.051509055 0.354123163 1.028082078
-0.007562870 0.211316629 0.941377018
-0.166056519 0.125313270 1.435899056
-0.120278990 0.078420983 1.656425020
p 3
1.390892188 -0.555005767 0.035832754
1.400823981 -0.648135136 0.368058237
1.427837031 -0.710564618 0.761706281
1.525393792 -0.961971595 0.756401415
1.508008292 -0.891859319 0.375605200
1.555190062 -0.876348083 0.001580972
1.336478627 -0.606230859 0.765489224
1.456369874 -0.580828686 1.101866488
1.399008294 -0.645464837 1.359515536
1.487571263 -0.997867236 1.355501478
1.463473987 -1.010679869 1.077619030
1.435087670 -1.067405719 0.791689591
1.380813318 -0.818586818 1.465412201
1.290995514 -0.814023155 1.587162309
frame 556
p 1
-0.231040969 0.126044448 0.004180409
-0.249213508 0.100912357 0.372916023
-0.234004190 0.075843718 0.717760281
-0.017249042 0.196870030 0.721789941
0.033899007 0.170681370 0.367950751
0.081190320 0.162615940 -0.018906351
-0.144295917 -0.104144051 0.831818141
-0.344494215 0.023992534 0.999811910
-0.299347476 0.053558357 1.284608177
-0.031489275 0.277115858 1.297569775
-0.044413047 0.376852153 1.037812382
0.012790190 0.211337307 0.940403165
-0.148342589 0.125101806 1.437138168
-0.102987753 0.078077896 1.658509169
p 3
1.415329219 -0.592759756 0.029442862
1.400823981 -0.648135136 0.368058237
1.445305650 -0.726104277 0.758665833
1.525623405 -0.956356739 0.764267110
1.508008292 -0.891859319 0.375605200
1.555190062 -0.876348083 0.001580972
1.353205530 -0.621079075 0.762519941
1.473754662 -0.595972442 1.100052400
1.415945144 -0.660779596 1.358672651
1.505484941 -1.014972798 1.354718226
1.480989416 -1.027467493 1.075842063
1.452846345 -1.084482217 0.788833449
1.397667053 -0.834555966 1.465008401
1.307178554 -0.829739238 1.587204757
frame 557
p 1
-0.231040969 0.126044448 0.004180409
-0.228972139 0.100942502 0.367755110
-0.229433135 0.079358093 0.712846850
0.001238482 0.200819467 0.715138766
0.057705847 0.174924938 0.358218806
0.083244584 0.170072807 -0.028136729
-0.109275728 -0.114211487 0.810677996
-0.320194003 0.021367853 1.000674967
-0.276305756 0.051524845 1.287188022
-0.007998553 0.276574287 1.300277841
-0.020312621 0.376688783 1.039126416
0.038939201 0.210015848 0.941039381
-0.125431012 0.123716517 1.440535186
-0.080574884 0.076601032 1.662993877
p 3
1.447913849 -0.634236388 0.006714794
1.400823981 -0.648135136 0.368058237
1.433689807 -0.708323918 0.770542882
1.518081424 -0.945408416 0.776937226
1.508008292 -0.891859319 0.375605200
1.555190062 -0.876348083 0.001580972
1.308821426 -0.566303283 0.797467105
1.463404623 -0.579749911 1.108000091
1.437204433 -0.683866368 1.354873223
1.527822500 -1.040466869 1.350873660
1.502001711 -1.051963376 1.070710346
1.474116928 -1.109292182 0.782240044
1.418696547 -0.858510182 1.461778539
1.327425728 -0.853411890 1.584625538
frame 558
p 1
-0.231040969 0.126044448 0.004180409
-0.207437131 0.097572147 0.366067514
-0.183736940 0.074444721 0.710906237
0.025792534 0.200909974 0.712215363
0.057705847 0.174924938 0.358218806
0.083244584 0.170072807 -0.028136729
-0.084368821 -0.118263126 0.810858006
-0.298441931 0.018609806 1.002027735
-0.255675876 0.049338595 1.290062664
0.012988578 0.275719536 1.303252483
0.001217487 0.376128114 1.040845850
0.062291731 0.208414116 0.942204148
-0.104936087 0.122130097 1.444133836
-0.060515478 0.074956796 1.667562519
p 3
1.531712060 -0.652758836 0.019108716
1.400823981 -0.648135136 0.368058237
1.453747027 -0.723877446 0.785752221
1.518081424 -0.945408416 0.776937226
1.508008292 -0.891859319 0.375605200
1.555190062 -0.876348083 0.001580972
1.407855276 -0.591285517 0.803707266
1.463404623 -0.579749911 1.108000091
1.437204433 -0.683866368 1.354873223
1.527822500 -1.040466869 1.350873660
1.502001711 -1.051963376 1.070710346
1.474116928 -1.109292182 0.782240044
1.418696547 -0.858510182 1.461778539
1.327425728 -0.853411890 1.584625538
frame 559
p 1
-0.231040969 0.126044448 0.004180409
-0.172916205 0.094899693 0.360310371
-0.161252552 0.074669469 0.706857245
0.025792534 0.200909974 0.712215363
0.057705847 0.174924938 0.358218806
0.083244584 0.170072807 -0.028136729
-0.053047883 -0.124374373 0.812525813
-0.271075250 0.014222164 1.005047475
-0.229697661 0.045765553 1.294961277
0.039323477 0.273813561 1.308244778
0.028225032 0.374492813 1.044243669
0.091545776 0.205460386 0.945022278
-0.079161698 0.119355488 1.449927702
-0.035258134 0.072161789 1.674568177
p 3
1.612567542 -0.706392355 0.051134061
1.495200246 -0.683782528 0.379193249
1.469300588 -0.730837927 0.790533892
1.534590694 -0.953322204 0.781853975
1.508008292 -0.891859319 0.375605200
1.555190062 -0.876348083 0.001580972
1.422887200 -0.597706120 0.808438858
1.505484452 -0.594174484 1.119141003
1.485587573 -0.712618852 1.388710168
1.519884654 -1.037948696 1.349631452
1.546666972 -1.084050536 1.100240529
1.491219147 -1.118010264 0.787213416
1.433244747 -0.865048064 1.468125226
1.341261376 -0.859600922 1.591145062
frame 560
p 1
-0.221767232 0.130208126 -0.003590967
-0.172916205 0.094899693 0.360310371
-0.116030149 0.068461889 0.706514015
0.053369460 0.194534263 0.716307633
0.094246689 0.170585819 0.355247965
0.100882082 0.174943394 -0.039244943
-0.022206285 -0.107996007 0.811919343
-0.227909228 -0.013013632 0.994382029
-0.198247112 0.044083660 1.296783765
0.071435640 0.274186192 1.310277944
0.056335790 0.382325375 1.050316365
0.127540117 0.204912531 0.944109697
-0.047708925 0.125247304 1.446956582
-0.004289055 0.095168327 1.657537817
p 3
1.718237980 -0.773745988 0.087790823
1.519373429 -0.687220630 0.403703613
1.480440996 -0.732113697 0.788517696
1.546382680 -0.955172263 0.779696882
1.523895195 -0.914826251 0.368362651
1.555190062 -0.876348083 0.001580972
1.433489825 -0.598613756 0.806603151
1.515727104 -0.594977987 1.117930132
1.495702499 -0.713704744 1.387935083
1.530746767 -1.039780796 1.348709713
1.558021978 -1.086027303 1.098817040
1.503059780 -1.120222633 0.785078896
1.443287882 -0.866389194 1.467481572
1.350902094 -0.860921652 1.590716600
frame 561
p 1
-0.221767232 0.130208126 -0.003590967
-0.172916205 0.094899693 0.360310371
-0.116030149 0.068461889 0.706514015
0.053369460 0.194534263 0.716307633
0.094246689 0.170585819 0.355247965
0.100882082 0.174943394 -0.039244943
0.009822439 -0.111984008 0.810724571
-0.199554456 -0.015864823 0.994709901
-0.171791900 0.042116266 1.299176845
0.083743034 0.276436076 1.307914252
0.054077662 0.387577119 1.043355588
0.157728467 0.203818540 0.944248820
-0.021467567 0.124054871 1.450236427
0.021282464 0.093960587 1.661930097
p 3
1.762255783 -0.825981259 0.058596148
1.609547383 -0.755165839 0.406999463
1.553909517 -0.761054619 0.806118997
1.546382680 -0.955172263 0.779696882
1.523895195 -0.914826251 0.368362651
1.555190062 -0.876348083 0.001580972
1.452808327 -0.610431154 0.818053071
1.537161288 -0.615168686 1.103412760
1.533562758 -0.718841312 1.386851803
1.530746767 -1.039780796 1.348709713
1.535854789 -1.071481707 1.085890280
1.462396923 -1.107124798 0.784363856
1.443287882 -0.866389194 1.467481572
1.350902094 -0.860921652 1.590716600
frame 562
p 1
-0.221767232 0.130208126 -0.003590967
-0.125540753 0.088217428 0.355824949
-0.068495785 0.063368743 0.704488202
0.109809474 0.192963263 0.711586123
0.094246689 0.170585819 0.355247965
0.100882082 0.174943394 -0.039244943
0.046059565 -0.112003111 0.802956819
-0.159414305 -0.020281103 0.995711223
-0.142436806 0.043641583 1.296151414
0.095116563 0.284535538 1.297995849
0.090358241 0.388158821 1.027773085
0.139280227 0.223302747 0.915819013
0.005107870 0.128081676 1.444833520
0.040365584 0.102458959 1.648842935
p 3
1.762255783 -0.825981259 0.058596148
1.609547383 -0.755165839 0.406999463
1.553909517 -0.761054619 0.806118997
1.546382680 -0.955172263 0.779696882
1.523895195 -0.914826251 0.368362651
1.555190062 -0.876348083 0.001580972
1.452808327 -0.610431154 0.818053071
1.537161288 -0.615168686 1.103412760
1.533562758 -0.718841312 1.386851803
1.530746767 -1.039780796 1.348709713
1.535854789 -1.071481707 1.085890280
1.462396923 -1.107124798 0.784363856
1.443287882 -0.866389194 1.467481572
1.350902094 -0.860921652 1.590716600
frame 563
p 1
-0.188197343 0.113288376 0.040243338
-0.116113190 0.052818133 0.365532865
-0.068495785 0.063368743 0.704488202
0.094850680 0.219465384 0.726682657
0.076115885 0.207039170 0.369700356
0.100882082 0.174943394 -0.039244943
0.069319952 -0.111980905 0.797985689
-0.139018575 -0.019653630 0.992182791
-0.123631791 0.044655121 1.294226583
0.114301557 0.286798242 1.296221976
0.110112435 0.391074246 1.024945894
0.160904521 0.225350755 0.912030720
0.023823713 0.129514667 1.443573801
0.058539929 0.103712240 1.648378811
p 3
1.762255783 -0.825981259 0.058596148
1.626794140 -0.778270072 0.399576783
1.571189539 -0.763167258 0.803047060
1.564129152 -0.957947802 0.776452782
1.523895195 -0.914826251 0.368362651
1.555190062 -0.876348083 0.001580972
1.468938118 -0.611879826 0.815282679
1.552767417 -0.616453034 1.101531494
1.620970699 -0.725156946 1.374163318
1.546787187 -1.031896022 1.336409676
1.539300108 -1.052114221 1.085240668
1.479988063 -1.110376070 0.781176666
1.485952496 -0.861497981 1.474490559
1.309463185 -0.807164004 1.602355445
frame 564
p 1
-0.180246680 0.098291326 0.054664478
-0.057435440 0.043373950 0.360579221
-0.024873589 0.059061005 0.702201279
0.094850680 0.219465384 0.726682657
0.097067402 0.213559329 0.358229324
0.100882082 0.174943394 -0.039244943
0.067348852 -0.147686274 0.814938241
-0.118564473 -0.020930149 0.991331162
-0.107211861 0.043460486 1.271981793
0.117283750 0.302050488 1.292917570
0.118606534 0.392334711 1.023733636
0.170208986 0.226238992 0.910404084
0.036442564 0.134463523 1.428311151
0.076353418 0.105361366 1.625811022
p 3
1.772308620 -0.825590542 0.053652480
1.663971043 -0.795671178 0.408797264
1.646847390 -0.772298744 0.789627701
1.539213590 -0.944559350 0.767107381
1.523895195 -0.914826251 0.368362651
1.555190062 -0.876348083 0.001580972
1.490532216 -0.613804309 0.811577758
1.573650231 -0.618154590 1.099018289
1.641992289 -0.727372370 1.372537055
1.568788581 -1.035599837 1.334494627
1.561797180 -1.055830016 1.082384056
1.501930425 -1.106077053 0.770837715
1.506395451 -0.864223879 1.473202672
1.328312514 -0.809525187 1.601565295
p 4
0.260390470 -0.990886235 -0.006797929
0.270839414 -1.032968370 0.362339687
0.207136022 -1.058309513 0.763506074
0.060771037 -0.945421542 0.725443747
-0.009321753 -0.897947364 0.379261558
-0.185527562 -0.975711130 0.023413013
0.524482532 -1.008946481 0.785403323
0.359076721 -1.157813133 0.972382314
0.232017529 -1.097937396 1.272631464
0.001941676 -0.866201180 1.277770218
-0.031669385 -0.698405880 1.036394574
0.152443693 -0.538727153 0.938378885
0.150561470 -0.926052558 1.373745912
0.276616310 -0.843113534 1.494863799
frame 565
p 1
-0.151689856 0.083394943 0.040598788
-0.050242092 0.027162395 0.352361712
-0.035780131 0.074084071 0.723246423
0.094850680 0.219465384 0.726682657
0.097067402 0.213559329 0.358229324
0.100882082 0.174943394 -0.039244943
0.145882726 -0.200551100 0.799541208
-0.086338335 -0.027633614 0.996563009
-0.107211861 0.043460486 1.271981793
0.117283750 0.302050488 1.292917570
0.127017766 0.384864294 1.009244923
0.164263511 0.237319606 0.913688617
0.036442564 0.134463523 1.428311151
0.076353418 0.105361366 1.625811022
p 3
1.772308620 -0.825590542 0.053652480
1.663971043 -0.795671178 0.408797264
1.661603068 -0.756728798 0.789220425
1.555379251 -0.930101888 0.766329458
1.523895195 -0.914826251 0.368362651
1.555190062 -0.876348083 0.001580972
1.504076536 -0.598262897 0.811542479
1.585679612 -0.601929427 1.099566061
1.653183765 -0.710742698 1.373280219
1.582363370 -1.020261215 1.334902776
1.576815718 -1.041038238 1.082400145
1.518893447 -1.092281919 0.769959553
1.518232237 -0.848390719 1.473924820
1.339409591 -0.794078749 1.602430085
p 4
0.260390470 -0.990886235 -0.006797929
0.210597178 -1.006736371 0.365372529
0.177579881 -1.046056397 0.763494544
-0.039825880 -0.931750733 0.742986171
-0.042640468 -0.939831799 0.386618015
-0.185527562 -0.975711130 0.023413013
0.425030197 -1.150947084 0.742393342
0.278974140 -1.213435024 0.983227433
0.175186984 -1.115015539 1.259716027
-0.049030988 -0.858138667 1.251496117
-0.064544106 -0.710243771 1.013362244
0.102811055 -0.519178867 0.857462370
0.130021008 -0.929854056 1.374942821
0.299238544 -0.873504587 1.485315181
frame 566
p 1
-0.132983122 0.040660375 0.019482529
-0.021906534 0.022136305 0.350287345
-0.013814290 0.077662386 0.715640497
0.115142856 0.218115193 0.726145150
0.097067402 0.213559329 0.358229324
0.100882082 0.174943394 -0.039244943
0.156982776 -0.228250226 0.816430319
-0.053704587 -0.032458005 0.999133470
-0.078613575 0.037310049 1.280647492
0.122782242 0.302716780 1.292404421
0.132747017 0.385694785 1.008404334
0.170453867 0.237927594 0.912609453
0.044594931 0.136699486 1.425218447
0.080618766 0.105019744 1.626658414
p 3
1.809225676 -0.866340520 0.025356124
1.745211025 -0.824314574 0.392207131
1.672826688 -0.752278739 0.790554324
1.566998692 -0.926144927 0.767465591
1.523895195 -0.914826251 0.368362651
1.555190062 -0.876348083 0.001580972
1.514308062 -0.593555317 0.813078091
1.594917309 -0.596870420 1.101619680
1.662270437 -0.705792599 1.375556660
1.592648443 -1.016141070 1.336939508
1.587546903 -1.036931629 1.084151779
1.530889975 -1.088771669 0.771023799
1.562875169 -0.847419014 1.473596173
1.471917471 -0.802999230 1.597168349
p 4
0.243624512 -0.988382593 0.001796609
0.192336298 -1.027234715 0.370286769
0.125873597 -1.075945746 0.726628434
-0.104915229 -0.919696356 0.740712306
-0.097862660 -0.949541385 0.390102544
-0.173366542 -1.007942892 -0.005492015
0.261098860 -1.210744816 0.696230399
0.170235136 -1.235896881 0.952456171
0.129042819 -1.153888524 1.270237353
-0.103430295 -0.832062571 1.234702338
-0.089941145 -0.719975665 0.986346898
0.075665562 -0.568462038 0.785069816
0.048282337 -0.919175796 1.351440357
0.142928808 -0.826147526 1.482712749
frame 567
p 1
-0.098527062 0.018773907 -0.016157110
-0.021906534 0.022136305 0.350287345
-0.012824810 0.076755091 0.713296267
0.113816184 0.220770315 0.727014933
0.103295288 0.202285567 0.351468207
0.100882082 0.174943394 -0.039244943
0.153738228 -0.247093516 0.822404270
-0.025876386 -0.072774282 0.989800953
-0.078613575 0.037310049 1.280647492
0.116213633 0.317782355 1.291958902
0.132747017 0.385694785 1.008404334
0.178217126 0.231998946 0.896255102
0.039418430 0.143609623 1.430890193
0.061827537 0.130155252 1.645147938
p 3
1.809225676 -0.866340520 0.025356124
1.745211025 -0.824314574 0.392207131
1.676771019 -0.748775376 0.784011632
1.586874927 -0.954530315 0.760527386
1.516886169 -0.949976777 0.365881931
1.555190062 -0.876348083 0.001580972
1.569751465 -0.590105844 0.792516529
1.623950600 -0.595135120 1.092710506
1.686678181 -0.704693543 1.368200650
1.592648443 -1.016141070 1.336939508
1.587546903 -1.036931629 1.084151779
1.496123603 -1.048766594 0.796658991
1.562875169 -0.847419014 1.473596173
1.471917471 -0.802999230 1.597168349
p 4
0.253222932 -1.012534870 -0.008940342
0.159421691 -1.067092403 0.371333367
0.126383183 -1.133261123 0.718614327
-0.098217787 -0.943391706 0.734954942
-0.138185521 -0.971708675 0.374803016
-0.177194918 -1.016318914 -0.005296822
0.177949732 -1.306435517 0.678876697
0.085091389 -1.265876979 0.974808234
0.095809212 -1.195006929 1.272112613
-0.126708865 -0.848041554 1.231354122
-0.138279146 -0.723545189 0.976029829
0.023105040 -0.624822295 0.709172855
0.025425432 -0.935069328 1.353074321
0.110729401 -0.835688670 1.463722468
frame 568
p 1
-0.098527062 0.018773907 -0.016157110
-0.021906534 0.022136305 0.350287345
-0.012824810 0.076755091 0.713296267
0.113816184 0.220770315 0.727014933
0.103295288 0.202285567 0.351468207
0.100882082 0.174943394 -0.039244943
0.217716490 -0.267430284 0.834744607
-0.002894791 -0.075338422 0.990012017
-0.078613575 0.037310049 1.280647492
0.116213633 0.317782355 1.291958902
0.132747017 0.385694785 1.008404334
0.178217126 0.231998946 0.896255102
0.039418430 0.143609623 1.430890193
0.061827537 0.130155252 1.645147938
p 3
1.779712347 -0.850746033 0.019509911
1.745211025 -0.824314574 0.392207131
1.665409641 -0.739285995 0.776026201
1.572644611 -0.970687176 0.774150789
1.543702762 -0.981146967 0.375735037
1.588051421 -0.921927164 0.027358903
1.587763500 -0.571714672 0.794226812
1.639994184 -0.575950200 1.095146534
1.701489914 -0.684894697 1.370942751
1.610522465 -0.998096992 1.339318944
1.630732807 -1.051063226 1.077565605
1.525931410 -1.050873883 0.801446639
1.578544479 -0.828569895 1.476323743
1.486702448 -0.784262286 1.600075919
p 4
0.216854895 -1.029959400 0.012998166
0.150918401 -1.097528811 0.390513700
0.058707273 -1.147280594 0.752196565
-0.149619029 -0.942858421 0.738723568
-0.133280795 -0.996834908 0.380091156
-0.162619875 -1.045713287 -0.003055945
0.185958490 -1.424134601 0.706563077
0.076910537 -1.288567742 0.996069782
0.007811729 -1.197562182 1.272271805
-0.140698136 -0.836637650 1.228349780
-0.184199401 -0.754533112 0.965909665
-0.075437744 -0.688200805 0.682936782
-0.012863192 -0.941463805 1.355907683
0.110285745 -0.811911936 1.482114700
frame 569
p 1
-0.098527062 0.018773907 -0.016157110
-0.021906534 0.022136305 0.350287345
-0.012824810 0.076755091 0.713296267
0.113816184 0.220770315 0.727014933
0.103295288 0.202285567 0.351468207
0.100882082 0.174943394 -0.039244943
0.195532883 -0.272739142 0.848348874
-0.001650624 -0.082170780 0.999478058
-0.045791393 0.026894257 1.271466320
0.123949483 0.301927079 1.290315599
0.132747017 0.385694785 1.008404334
0.178217126 0.231998946 0.896255102
0.039418430 0.143609623 1.430890193
0.061827537 0.130155252 1.645147938
p 3
1.779712347 -0.850746033 0.019509911
1.745211025 -0.824314574 0.392207131
1.671247256 -0.739925827 0.774990950
1.604006020 -1.004100266 0.759693111
1.544592615 -0.993657125 0.389207136
1.597517974 -0.982861744 0.019860062
1.664563182 -0.580069640 0.784965769
1.690050465 -0.577979273 1.087414445
1.706762819 -0.685381057 1.370542743
1.616047557 -0.998971367 1.338848410
1.636444246 -1.051972422 1.076847651
1.531767613 -1.051854479 0.800426449
1.583697142 -0.829191949 1.476009798
1.491529201 -0.784777000 1.599885406
p 4
0.138012032 -1.027476108 0.045483045
0.128763789 -1.144088029 0.412191570
0.045598182 -1.192742072 0.751215555
-0.156664666 -0.978523726 0.720091760
-0.169040424 -0.993332788 0.379342173
-0.175449081 -1.052532391 -0.003955615
-0.212098142 -1.285190545 0.772893875
-0.155627228 -1.246686889 1.044052568
-0.049131196 -1.197369387 1.281499960
-0.167257089 -0.848126032 1.234868046
-0.211901442 -0.810318540 0.954700168
-0.156409352 -0.770084214 0.655419797
-0.023980436 -0.951828034 1.354116668
0.064115564 -0.809744014 1.476545605
frame 570
p 1
-0.098527062 0.018773907 -0.016157110
-0.021906534 0.022136305 0.350287345
-0.012824810 0.076755091 0.713296267
0.113816184 0.220770315 0.727014933
0.103295288 0.202285567 0.351468207
0.100882082 0.174943394 -0.039244943
0.195532883 -0.272739142 0.848348874
0.011218218 -0.113188201 0.991548477
-0.047307988 0.022703486 1.279522795
0.123949483 0.301927079 1.290315599
0.145537322 0.363595163 0.999948745
0.198595196 0.201698881 0.874580463
0.039418430 0.143609623 1.430890193
0.061827537 0.130155252 1.645147938
p 3
1.779712347 -0.850746033 0.019509911
1.745211025 -0.824314574 0.392207131
1.671247256 -0.739925827 0.774990950
1.604006020 -1.004100266 0.759693111
1.563708529 -1.021796575 0.380610014
1.588590678 -1.013302326 0.029793296
1.664563182 -0.580069640 0.784965769
1.690050465 -0.577979273 1.087414445
1.706762819 -0.685381057 1.370542743
1.616047557 -0.998971367 1.338848410
1.636444246 -1.051972422 1.076847651
1.531767613 -1.051854479 0.800426449
1.583697142 -0.829191949 1.476009798
1.491529201 -0.784777000 1.599885406
p 4
0.093557242 -1.195532168 -0.020056258
0.093876225 -1.170910403 0.382714904
-0.011974798 -1.171182526 0.781605041
-0.156664666 -0.978523726 0.720091760
-0.176899177 -0.991285007 0.382089017
-0.175449081 -1.052532391 -0.003955615
-0.296311021 -1.252280635 0.813586434
-0.177110080 -1.283980477 1.050140879
-0.057856208 -1.225408399 1.287561757
-0.190834758 -0.843107666 1.234423689
-0.289608452 -0.814928681 0.959243999
-0.221803123 -0.854536239 0.644457408
-0.049291688 -0.957932873 1.354312409
0.013999763 -0.815915486 1.476478632
frame 571
p 1
-0.098527062 0.018773907 -0.016157110
-0.021906534 0.022136305 0.350287345
-0.012824810 0.076755091 0.713296267
0.113816184 0.220770315 0.727014933
0.103295288 0.202285567 0.351468207
0.100882082 0.174943394 -0.039244943
0.190038173 -0.273511650 0.850985409
0.006495231 -0.114206856 0.993750286
-0.051518867 0.021655200 1.281286098
0.119723033 0.300583189 1.291959613
0.141130885 0.361999923 1.001833688
0.193640747 0.200303072 0.876832840
0.035335565 0.142485341 1.432448884
0.057888101 0.129151361 1.646511996
p 3
1.779712347 -0.850746033 0.019509911
1.745211025 -0.824314574 0.392207131
1.723695025 -0.808949269 0.766859164
1.611276359 -1.021985198 0.795945225
1.569279504 -1.079785101 0.398274550
1.602109563 -1.087510312 0.027351650
1.733866272 -0.594893079 0.786459715
1.690050465 -0.577979273 1.087414445
1.738517738 -0.688197262 1.360695182
1.619023977 -1.011464065 1.347170130
1.636444246 -1.051972422 1.076847651
1.559522517 -1.089192175 0.786272177
1.583697142 -0.829191949 1.476009798
1.491529201 -0.784777000 1.599885406
p 4
0.033228879 -1.290525711 0.002974630
0.108185512 -1.240888587 0.368436345
0.023819199 -1.229147410 0.777007544
-0.137599923 -1.008511434 0.719978195
-0.194499171 -1.014806373 0.365725861
-0.175449081 -1.052532391 -0.003955615
-0.296311021 -1.252280635 0.813586434
-0.177570138 -1.291496795 1.062583679
-0.115062028 -1.215688579 1.271158665
-0.202769341 -0.890508870 1.228695714
-0.306342101 -0.845706482 0.944862964
-0.267991856 -0.910210556 0.640902376
-0.089646129 -0.962395602 1.357471685
-0.014899664 -0.790599454 1.482905241
frame 572
p 1
-0.098527062 0.018773907 -0.016157110
-0.021906534 0.022136305 0.350287345
-0.012824810 0.076755091 0.713296267
0.113816184 0.220770315 0.727014933
0.103295288 0.202285567 0.351468207
0.100882082 0.174943394 -0.039244943
0.188100208 -0.274428986 0.852899060
0.004894314 -0.115199491 0.995420658
-0.052938766 0.020739523 1.282753925
0.118246578 0.299575938 1.293346233
0.139612205 0.360814092 1.003293354
0.191865430 0.199187294 0.878502569
0.033945111 0.141580405 1.433820208
0.056543615 0.128343397 1.647807017
p 3
1.779712347 -0.850746033 0.019509911
1.745211025 -0.824314574 0.392207131
1.734926837 -0.823498803 0.763183842
1.621401115 -1.036532498 0.792532364
1.569279504 -1.079785101 0.398274550
1.596706422 -1.138905108 0.034589282
1.708385978 -0.565440630 0.797055846
1.701075617 -0.591815680 1.084581155
1.750363529 -0.702856268 1.358547788
1.629669036 -1.026437285 1.345086521
1.609206438 -1.070206256 1.092626367
1.589581425 -1.120300572 0.797515214
1.594390588 -0.843703367 1.474245580
1.501576048 -0.798822635 1.598458524
p 4
-0.035676650 -1.386466402 0.007457476
0.060326995 -1.260549885 0.357429596
0.008393785 -1.236822395 0.770787834
-0.163639462 -1.010849562 0.713816146
-0.170200014 -1.039947901 0.357176590
-0.188701577 -1.026778012 -0.000744704
-0.239958248 -1.292740158 0.803266855
-0.186138622 -1.304309905 1.059968430
-0.070560785 -1.256567022 1.278351845
-0.206151168 -0.907363228 1.228325620
-0.325305020 -0.893387506 0.963590534
-0.310875792 -0.936116454 0.660852488
-0.093627942 -0.980461668 1.358171419
-0.026295664 -0.801725822 1.474129741
frame 573
p 1
-0.098527062 0.018773907 -0.016157110
-0.044007020 0.020063223 0.358454986
-0.012824810 0.076755091 0.713296267
0.113816184 0.220770315 0.727014933
0.103295288 0.202285567 0.351468207
0.100882082 0.174943394 -0.039244943
0.184542315 -0.274271431 0.853622991
0.001770092 -0.115214359 0.995953874
-0.040318973 -0.008696227 1.267914206
0.123706402 0.286539035 1.286952863
0.136720799 0.360413656 1.003721545
0.189114385 0.196961205 0.880588971
0.043527696 0.117856743 1.426185952
0.049185375 0.137202834 1.650367899
p 3
1.779712347 -0.850746033 0.019509911
1.768542228 -0.849064256 0.375171007
1.729387383 -0.844725569 0.761391237
1.614074580 -1.056768082 0.791149302
1.582220721 -1.098958557 0.392538846
1.612841802 -1.165393942 0.028326075
1.704526256 -0.586846635 0.794771685
1.698137425 -0.613462603 1.082372218
1.748606830 -0.725292323 1.356626566
1.625218875 -1.047872054 1.343461758
1.603193534 -1.090967017 1.091014943
1.581872854 -1.140320458 0.796125680
1.586239548 -0.854946279 1.470311577
1.506025454 -0.812857586 1.579301951
p 4
-0.150314273 -1.346774425 0.044064532
0.008860682 -1.268141775 0.375377838
-0.009753944 -1.232471956 0.759078271
-0.190765932 -1.012656172 0.701552681
-0.180201627 -1.029697956 0.355456912
-0.189368090 -1.031655367 -0.010015640
-0.134586470 -1.337699536 0.770620355
-0.177922845 -1.317308822 1.054923674
-0.037854809 -1.288328030 1.288171584
-0.217982399 -0.909005580 1.221603363
-0.336196547 -0.917970493 0.988747264
-0.337729157 -0.947608144 0.661291399
-0.088538214 -1.004685663 1.365862739
-0.016690789 -0.856135085 1.506206614
frame 574
p 1
-0.098527062 0.018773907 -0.016157110
-0.044007020 0.020063223 0.358454986
-0.024514608 0.061675998 0.733123444
0.119623528 0.214753542 0.733535489
0.103295288 0.202285567 0.351468207
0.105529945 0.171506980 -0.036894404
0.184542315 -0.274271431 0.853622991
0.001770092 -0.115214359 0.995953874
-0.040318973 -0.008696227 1.267914206
0.120017537 0.290310316 1.281045834
0.123271442 0.353780837 1.011913784
0.185715925 0.218724300 0.852045554
0.043527696 0.117856743 1.426185952
0.049185375 0.137202834 1.650367899
p 3
1.779712347 -0.850746033 0.019509911
1.768542228 -0.849064256 0.375171007
1.686836494 -0.816340503 0.775862600
1.577244852 -1.064794070 0.785858682
1.598937095 -1.125848796 0.387428141
1.612841802 -1.165393942 0.028326075
1.713648712 -0.602610100 0.766597577
1.755149529 -0.680311400 1.074576220
1.708197628 -0.730275150 1.358954864
1.582519528 -1.049655887 1.346254031
1.558394467 -1.091863968 1.095705256
1.534389698 -1.139997475 0.803380039
1.546730829 -0.858685320 1.472031115
1.468573899 -0.817110664 1.580263274
frame 575
p 1
-0.098527062 0.018773907 -0.016157110
-0.044007020 0.020063223 0.358454986
-0.024514608 0.061675998 0.733123444
0.119623528 0.214753542 0.733535489
0.103295288 0.202285567 0.351468207
0.105529945 0.171506980 -0.036894404
0.184542315 -0.274271431 0.853622991
0.001770092 -0.115214359 0.995953874
-0.040318973 -0.008696227 1.267914206
0.120017537 0.290310316 1.281045834
0.123271442 0.353780837 1.011913784
0.185715925 0.218724300 0.852045554
0.052695110 0.104721081 1.416823534
0.082141740 0.089983670 1.620292760
p 3
1.806071974 -0.865397289 -0.018623773
1.768542228 -0.849064256 0.375171007
1.699472780 -0.845444541 0.767497559
1.606537089 -1.091386819 0.766459811
1.653266743 -1.140552914 0.380521838
1.672697614 -1.179942955 -0.002164220
1.684101470 -0.631715358 0.771024914
1.770231847 -0.709957295 1.066975036
1.723700911 -0.760317033 1.352675355
1.595061714 -1.079615561 1.340286075
1.569590590 -1.121260104 1.088872180
1.544218193 -1.168826876 0.795698812
1.560173931 -0.888145544 1.466498541
1.481620351 -0.846025578 1.575229736
frame 576
p 1
-0.098527062 0.018773907 -0.016157110
-0.044007020 0.020063223 0.358454986
-0.024514608 0.061675998 0.733123444
0.119623528 0.214753542 0.733535489
0.103295288 0.202285567 0.351468207
0.105529945 0.171506980 -0.036894404
0.184542315 -0.274271431 0.853622991
0.001770092 -0.115214359 0.995953874
-0.040318973 -0.008696227 1.267914206
0.120017537 0.290310316 1.281045834
0.123271442 0.353780837 1.011913784
0.185715925 0.218724300 0.852045554
0.061742228 0.104519617 1.417636001
0.113842756 0.089109777 1.623872604
p 2
0.727866207 0.592364453 -0.022218719
0.667731494 0.541358703 0.434636619
0.639458442 0.549001043 0.798534992
0.866223578 0.458174402 0.780108826
0.912150972 0.368671037 0.398582649
0.879310240 0.388002438 -0.014256923
0.430977667 0.420881053 1.347756189
0.490579870 0.551082983 1.096259347
0.566018243 0.626074979 1.366972035
0.925996801 0.467789629 1.363172497
0.872384573 0.499443825 1.119400654
0.801948738 0.446625913 0.881174985
0.722989844 0.503555434 1.496864808
0.686772579 0.460036915 1.658312650
p 3
1.806071974 -0.865397289 -0.018623773
1.740480195 -0.880071904 0.386406219
1.680322475 -0.877646213 0.766472619
1.642108011 -1.133516707 0.757650757
1.653266743 -1.140552914 0.380521838
1.672697614 -1.179942955 -0.002164220
1.667852204 -0.664863902 0.769161473
1.756004818 -0.744233605 1.064693118
1.711306722 -0.794935368 1.350380492
1.578191095 -1.111860934 1.338553505
1.549942692 -1.152226294 1.087618123
1.521477113 -1.198333780 0.795388171
1.545820609 -0.924201477 1.469316645
1.468885379 -0.877823385 1.571238388
frame 577
p 1
-0.098527062 0.018773907 -0.016157110
-0.044007020 0.020063223 0.358454986
-0.024514608 0.061675998 0.733123444
0.119623528 0.214753542 0.733535489
0.103295288 0.202285567 0.351468207
0.105529945 0.171506980 -0.036894404
0.184542315 -0.274271431 0.853622991
0.001770092 -0.115214359 0.995953874
-0.040318973 -0.008696227 1.267914206
0.120017537 0.290310316 1.281045834
0.123271442 0.353780837 1.011913784
0.185715925 0.218724300 0.852045554
0.064180701 0.099407993 1.416660211
0.122874546 0.070594584 1.621254936
p 2
0.727866207 0.592364453 -0.022218719
0.667731494 0.541358703 0.434636619
0.639458442 0.549001043 0.798534992
0.866223578 0.458174402 0.780108826
0.912150972 0.368671037 0.398582649
0.879310240 0.388002438 -0.014256923
0.430977667 0.420881053 1.347756189
0.490579870 0.551082983 1.096259347
0.566018243 0.626074979 1.366972035
0.925996801 0.467789629 1.363172497
0.872384573 0.499443825 1.119400654
0.801948738 0.446625913 0.881174985
0.722989844 0.503555434 1.496864808
0.686772579 0.460036915 1.658312650
p 3
1.815028601 -0.883331292 -0.015733444
1.757806161 -0.901232043 0.376691267
1.686596259 -0.892744859 0.772191030
1.599699046 -1.134359981 0.764341358
1.611986498 -1.148346871 0.390800359
1.672697614 -1.179942955 -0.002164220
1.611379562 -0.673298086 0.785439733
1.685505401 -0.745902283 1.072405041
1.664564220 -0.800882301 1.357027735
1.540690356 -1.113877598 1.340991579
1.510641484 -1.153429358 1.091715624
1.479890917 -1.198430757 0.801722895
1.511018197 -0.927910950 1.470805398
1.435948888 -0.882083300 1.572071857
frame 578
p 1
-0.098527062 0.018773907 -0.016157110
-0.044007020 0.020063223 0.358454986
-0.024514608 0.061675998 0.733123444
0.119623528 0.214753542 0.733535489
0.103295288 0.202285567 0.351468207
0.105529945 0.171506980 -0.036894404
0.182599021 -0.275179085 0.855538405
0.000164697 -0.116198615 0.997626091
-0.041761323 -0.009606851 1.269404489
0.118549517 0.289291600 1.282436410
0.121722600 0.352627505 1.013387771
0.184057265 0.217524480 0.853658865
0.062761097 0.098500112 1.418059581
0.121452674 0.069791218 1.622596706
p 2
0.727866207 0.592364453 -0.022218719
0.667731494 0.541358703 0.434636619
0.639458442 0.549001043 0.798534992
0.866223578 0.458174402 0.780108826
0.922359506 0.352254345 0.397435923
0.879310240 0.388002438 -0.014256923
0.430977667 0.420881053 1.347756189
0.490579870 0.551082983 1.096259347
0.566018243 0.626074979 1.366972035
0.925996801 0.467789629 1.363172497
0.872384573 0.499443825 1.119400654
0.801948738 0.446625913 0.881174985
0.722989844 0.503555434 1.496864808
0.686772579 0.460036915 1.658312650
p 3
1.815028601 -0.883331292 -0.015733444
1.737818800 -0.910292602 0.391013801
1.676132639 -0.924513259 0.772424702
1.573398070 -1.145040566 0.769727582
1.637371612 -1.184354310 0.377241410
1.672697614 -1.179942955 -0.002164220
1.627323366 -0.776109915 0.767290139
1.694780329 -0.823065453 1.064690901
1.660244551 -0.877324268 1.352396708
1.564214858 -1.192581007 1.332232978
1.550593100 -1.235625982 1.080634337
1.455632116 -1.228282149 0.831819015
1.537496385 -1.006053503 1.462913949
1.461270023 -0.958582041 1.565081852
frame 579
p 1
-0.098527062 0.018773907 -0.016157110
-0.044007020 0.020063223 0.358454986
-0.024514608 0.061675998 0.733123444
0.119623528 0.214753542 0.733535489
0.103295288 0.202285567 0.351468207
0.105529945 0.171506980 -0.036894404
0.267313081 -0.277773293 0.836843764
0.047393473 -0.109841617 0.981206961
-0.041822057 -0.011316550 1.272077110
0.118365155 0.287589785 1.284956972
0.117846357 0.344686750 1.023966244
0.214093075 0.221497829 0.846841817
0.070047569 0.084225918 1.415125230
0.148846086 0.021955508 1.607795440
p 2
0.727866207 0.592364453 -0.022218719
0.667731494 0.541358703 0.434636619
0.639458442 0.549001043 0.798534992
0.866223578 0.458174402 0.780108826
0.922359506 0.352254345 0.397435923
0.879310240 0.388002438 -0.014256923
0.453346966 0.391947962 1.335273095
0.489069351 0.535594982 1.118992260
0.566018243 0.626074979 1.366972035
0.925996801 0.467789629 1.363172497
0.872384573 0.499443825 1.119400654
0.801948738 0.446625913 0.881174985
0.722989844 0.503555434 1.496864808
0.686772579 0.460036915 1.658312650
p 3
1.771751317 -0.875064508 -0.011918626
1.674103319 -0.922567729 0.395987334
1.667700150 -0.960737378 0.773543915
1.549613956 -1.160415578 0.776040602
1.637371612 -1.184354310 0.377241410
1.672697614 -1.179942955 -0.002164220
1.620264919 -0.812333538 0.767878082
1.689894421 -0.860388721 1.065166562
1.656640991 -0.914882645 1.353259922
1.556943149 -1.228713067 1.333658467
1.541143185 -1.270928041 1.082163352
1.443932299 -1.262093708 0.833739881
1.532572779 -1.042598775 1.464104659
1.456958243 -0.994769996 1.566241780
frame 580
p 1
-0.098527062 0.018773907 -0.016157110
-0.044007020 0.020063223 0.358454986
-0.024514608 0.061675998 0.733123444
0.119623528 0.214753542 0.733535489
0.103295288 0.202285567 0.351468207
0.105529945 0.171506980 -0.036894404
0.267313081 -0.277773293 0.836843764
0.047393473 -0.109841617 0.981206961
-0.041822057 -0.011316550 1.272077110
0.118365155 0.287589785 1.284956972
0.117846357 0.344686750 1.023966244
0.214093075 0.221497829 0.846841817
0.061738681 0.083512107 1.416108719
0.119295837 0.019791291 1.610694219
p 2
0.727866207 0.592364453 -0.022218719
0.667731494 0.541358703 0.434636619
0.639458442 0.549001043 0.798534992
0.863347490 0.437670506 0.781522084
0.876306420 0.348169072 0.407099828
0.902836772 0.364711216 -0.003270809
0.464860012 0.383920768 1.320977990
0.493330595 0.527995742 1.119157139
0.580616446 0.606490211 1.364797062
0.928906343 0.472882956 1.352530215
0.872384573 0.499443825 1.119400654
0.801948738 0.446625913 0.881174985
0.722989844 0.503555434 1.496864808
0.686772579 0.460036915 1.658312650
p 3
1.798620897 -0.907249560 -0.030731640
1.674103319 -0.922567729 0.395987334
1.646290978 -0.983393838 0.774106499
1.526179265 -1.181228067 0.777159257
1.611478575 -1.179347695 0.383549634
1.672697614 -1.179942955 -0.002164220
1.632660520 -0.903758246 0.776192993
1.671977755 -0.884497657 1.064455104
1.640306263 -0.939279726 1.352193782
1.537278688 -1.250922659 1.333030576
1.519249445 -1.292088379 1.082218572
1.420260201 -1.281973651 0.834746739
1.515501197 -1.065906918 1.463048190
1.440858820 -1.018041508 1.564971419
frame 581
p 1
-0.098527062 0.018773907 -0.016157110
-0.044007020 0.020063223 0.358454986
-0.024514608 0.061675998 0.733123444
0.119623528 0.214753542 0.733535489
0.103295288 0.202285567 0.351468207
0.105529945 0.171506980 -0.036894404
0.220905759 -0.184984824 0.868290442
0.040244553 -0.092827602 0.985591243
-0.031982140 -0.028772760 1.261220743
0.118365155 0.287589785 1.284956972
0.117846357 0.344686750 1.023966244
0.214093075 0.221497829 0.846841817
0.061738681 0.083512107 1.416108719
0.119295837 0.019791291 1.610694219
p 2
0.732313140 0.586887300 -0.025232707
0.666619389 0.545256255 0.431056264
0.640378299 0.542789321 0.797155049
0.864550458 0.431051077 0.780079382
0.880996168 0.336704314 0.410155622
0.915271705 0.351217797 0.000018856
0.465875703 0.377569622 1.319919301
0.494307743 0.521835626 1.117939826
0.582373200 0.600123694 1.363710303
0.931207278 0.465929970 1.351392832
0.873998501 0.492790058 1.118097088
0.803144220 0.440062930 0.879768615
0.724993285 0.496877609 1.495883272
0.688872117 0.453282279 1.657500355
p 3
1.733005480 -0.950026739 -0.009611816
1.673159970 -0.976944335 0.403112476
1.656506253 -1.020737409 0.783146740
1.569256591 -1.218131867 0.770131240
1.573329341 -1.165703023 0.384476102
1.672697614 -1.179942955 -0.002164220
1.581573058 -0.879566998 0.810229952
1.649000656 -0.900419635 1.059803405
1.640133728 -0.965916798 1.349811937
1.534262621 -1.276441599 1.330944261
1.514603429 -1.316796755 1.080042771
1.414172118 -1.305610206 0.832679672
1.514142579 -1.091794281 1.460967351
1.439650080 -1.043569204 1.562993010
frame 582
p 1
-0.098527062 0.018773907 -0.016157110
-0.044007020 0.020063223 0.358454986
-0.024514608 0.061675998 0.733123444
0.119623528 0.214753542 0.733535489
0.103295288 0.202285567 0.351468207
0.105529945 0.171506980 -0.036894404
0.220905759 -0.184984824 0.868290442
0.040244553 -0.092827602 0.985591243
-0.031982140 -0.028772760 1.261220743
0.118365155 0.287589785 1.284956972
0.105507273 0.347672687 1.019541544
0.214093075 0.221497829 0.846841817
0.061738681 0.083512107 1.416108719
0.119295837 0.019791291 1.610694219
p 2
0.729558407 0.591505752 -0.025598037
0.668265900 0.539413316 0.436436107
0.643673944 0.542967770 0.789668609
0.876654669 0.415750429 0.774881446
0.892783413 0.321265596 0.403812176
0.942906479 0.315259614 -0.015351754
0.475821845 0.362677225 1.316666833
0.504168074 0.507724913 1.114067504
0.593985207 0.585496496 1.360482882
0.945171245 0.449735135 1.347972686
0.886167012 0.477518957 1.114010710
0.814768575 0.424918369 0.874945597
0.737432900 0.481356426 1.493095066
0.701358267 0.437439172 1.655334198
p 3
1.659910675 -0.964284053 0.013133785
1.673159970 -0.976944335 0.403112476
1.639079136 -1.026523975 0.785194318
1.551083182 -1.222950998 0.772417893
1.603826022 -1.208245908 0.366110913
1.672697614 -1.179942955 -0.002164220
1.546145116 -0.890899085 0.826975949
1.633470538 -0.907048896 1.060817937
1.645538811 -0.985130745 1.363890763
1.517554477 -1.289133143 1.343587491
1.497468858 -1.321593404 1.081359133
1.396288794 -1.309851443 0.834793760
1.499425755 -1.097899040 1.461219308
1.425721359 -1.049856180 1.562990928
frame 583
p 1
-0.098527062 0.018773907 -0.016157110
-0.044007020 0.020063223 0.358454986
-0.013020847 0.041323987 0.716618311
0.119623528 0.214753542 0.733535489
0.103295288 0.202285567 0.351468207
0.105529945 0.171506980 -0.036894404
0.202888232 -0.151586873 0.883508368
0.040244553 -0.092827602 0.985591243
-0.023928989 -0.046598352 1.255646987
0.118365155 0.287589785 1.284956972
0.105507273 0.347672687 1.019541544
0.214093075 0.221497829 0.846841817
0.061738681 0.083512107 1.416108719
0.119295837 0.019791291 1.610694219
p 2
0.734016804 0.586023999 -0.028621161
0.672675518 0.533778349 0.433974206
0.649498396 0.534130842 0.791223893
0.883420653 0.406164737 0.776509604
0.897488882 0.315072514 0.401274787
0.938445671 0.283623530 -0.006627964
0.490308687 0.343381496 1.312541990
0.515324410 0.492675271 1.111957737
0.599569362 0.577254391 1.362807500
0.952205753 0.440472935 1.350462139
0.893333029 0.468136859 1.115936537
0.821423466 0.415499016 0.876645757
0.743705462 0.472622399 1.495689633
0.707425981 0.428806716 1.658206517
p 3
1.661502153 -1.026136793 0.018579846
1.619373629 -0.985369667 0.394741374
1.617354427 -1.012867569 0.792884774
1.543105335 -1.218688948 0.764230960
1.603826022 -1.208245908 0.366110913
1.672697614 -1.179942955 -0.002164220
1.555000026 -0.917830730 0.822172306
1.673207587 -0.950690250 1.070329048
1.656426328 -1.013658913 1.360670694
1.525703355 -1.317083699 1.340571285
1.504187361 -1.348712470 1.077702117
1.433022226 -1.371328344 0.802208984
1.508447246 -1.125579278 1.458451023
1.434353586 -1.076958738 1.560534753
frame 584
p 1
-0.098527062 0.018773907 -0.016157110
-0.044007020 0.020063223 0.358454986
-0.013020847 0.041323987 0.716618311
0.119623528 0.214753542 0.733535489
0.103295288 0.202285567 0.351468207
0.105529945 0.171506980 -0.036894404
0.177710902 -0.129283936 0.894239518
0.020424576 -0.074164927 0.990640619
-0.035453110 -0.046871648 1.256958301
0.111132838 0.274790797 1.289152457
0.102965257 0.333069154 1.011479860
0.201456618 0.220257660 0.849156711
0.050650954 0.082846750 1.416944650
0.108243732 0.019380505 1.611117365
p 2
0.727327542 0.594242637 -0.024086232
0.670471095 0.536597033 0.435205294
0.650931809 0.535206273 0.786573105
0.882175657 0.376740303 0.770660425
0.917935642 0.293202113 0.383817278
0.959068026 0.261623859 -0.026575378
0.507284674 0.322621624 1.301668202
0.566157298 0.463920667 1.113350533
0.618852227 0.557167023 1.351857289
0.976008062 0.417970431 1.338642614
0.940623768 0.450474390 1.058070570
0.831665703 0.386947563 0.888319723
0.764864634 0.451187723 1.485332291
0.728366091 0.407059185 1.649092663
p 3
1.569163880 -1.034110526 0.028083183
1.524102421 -0.962872011 0.407568566
1.608706707 -1.015744577 0.793896704
1.534005586 -1.221056151 0.765402082
1.603826022 -1.208245908 0.366110913
1.679270142 -1.189678478 -0.005644224
1.568841655 -0.914873305 0.805451072
1.665304711 -0.953941963 1.070853576
1.648928646 -1.016928145 1.360889959
1.517570158 -1.319637504 1.340904105
1.495558164 -1.351042269 1.078374363
1.442056130 -1.377693106 0.800037232
1.501016907 -1.128573928 1.458585933
1.427320078 -1.080048927 1.560540627
frame 585
p 1
-0.098527062 0.018773907 -0.016157110
-0.044007020 0.020063223 0.358454986
-0.013020847 0.041323987 0.716618311
0.119623528 0.214753542 0.733535489
0.103295288 0.202285567 0.351468207
0.105529945 0.171506980 -0.036894404
0.174279155 -0.129252372 0.894904199
0.017312573 -0.074217392 0.991168728
-0.038328305 -0.046938237 1.257286009
0.108372929 0.274475472 1.289413558
0.100068971 0.332701530 1.011919360
0.198303561 0.219949638 0.849734781
0.047883919 0.082682216 1.417153732
0.105485808 0.019279753 1.611223483
p 2
0.738469728 0.580532193 -0.031643256
0.681485085 0.522477480 0.429048390
0.661746746 0.520968823 0.781589529
0.894396592 0.361150778 0.765406023
0.929730759 0.277556242 0.377416546
0.971459635 0.245818597 -0.034511183
0.517395183 0.307431016 1.298346907
0.576585598 0.449311126 1.109396554
0.630626703 0.542277824 1.348577142
0.990187199 0.401461358 1.335161972
0.953605466 0.434717279 1.053672796
0.843016818 0.371654271 0.883593732
0.777486412 0.435384480 1.482497769
0.741046619 0.390927885 1.646890567
p 3
1.498444979 -1.072133499 0.017146257
1.534952053 -1.016180093 0.404056078
1.569617703 -1.009315243 0.815976177
1.505642178 -1.226301918 0.779232901
1.603826022 -1.208245908 0.366110913
1.679270142 -1.189678478 -0.005644224
1.552556579 -0.880129078 0.811149904
1.664270347 -0.958839002 1.078821696
1.621128328 -1.012445080 1.363153106
1.489245119 -1.313313026 1.343403493
1.488798256 -1.369651112 1.065114781
1.411736956 -1.370371461 0.805564272
1.474342365 -1.123695670 1.460371201
1.402015450 -1.075740432 1.561787040
frame 586
p 1
-0.098527062 0.018773907 -0.016157110
-0.044007020 0.020063223 0.358454986
-0.013020847 0.041323987 0.716618311
0.119623528 0.214753542 0.733535489
0.103295288 0.202285567 0.351468207
0.105529945 0.171506980 -0.036894404
0.449646774 -0.083172391 0.852261190
0.200199732 -0.098469207 0.998613755
-0.000868325 -0.049526420 1.258444783
0.108372929 0.274475472 1.289413558
0.100068971 0.332701530 1.011919360
0.198303561 0.219949638 0.849734781
0.047883919 0.082682216 1.417153732
0.105485808 0.019279753 1.611223483
p 2
0.718870597 0.598525606 -0.007218700
0.699061685 0.499753186 0.419189760
0.698119156 0.474065061 0.762723290
0.917424476 0.340275830 0.745087711
0.940923315 0.267978204 0.364908992
0.962420170 0.266912065 -0.044619007
0.533563187 0.283001856 1.293011225
0.593247303 0.425811627 1.103051129
0.649482743 0.518304789 1.343303200
1.012890278 0.374875212 1.329566841
0.974343054 0.409360802 1.046619019
0.861111073 0.347067686 0.876025610
0.797698118 0.409943974 1.477938202
0.761371965 0.364954942 1.643343436
p 3
1.478102809 -1.095434033 0.021327913
1.454905291 -1.002548872 0.423560216
1.519721052 -0.999749170 0.822769825
1.499587548 -1.225047947 0.780355146
1.603826022 -1.208245908 0.366110913
1.679270142 -1.189678478 -0.005644224
1.575205771 -0.885951004 0.811171148
1.658493078 -0.957967870 1.079554011
1.615587297 -1.011547228 1.363604931
1.483600791 -1.312047913 1.343902325
1.482917274 -1.368285449 1.065907612
1.405698386 -1.368908388 0.806666274
1.469025057 -1.122718560 1.460727530
1.396969867 -1.074876945 1.562035969
frame 587
p 1
-0.098527062 0.018773907 -0.016157110
-0.044007020 0.020063223 0.358454986
-0.013020847 0.041323987 0.716618311
0.119623528 0.214753542 0.733535489
0.103295288 0.202285567 0.351468207
0.105529945 0.171506980 -0.036894404
0.435696408 -0.065405352 0.868307661
0.200199732 -0.098469207 0.998613755
-0.000868325 -0.049526420 1.258444783
0.088725127 0.268938270 1.296293202
0.079071883 0.334639561 1.008847642
0.218617820 0.218777224 0.849944944
0.047883919 0.082682216 1.417153732
0.105485808 0.019279753 1.611223483
p 2
0.747624996 0.592537090 -0.017692696
0.733024743 0.489021991 0.419470612
0.696786209 0.454037638 0.772908702
0.931942677 0.295903115 0.753729423
0.953873982 0.247906693 0.388175276
0.974222623 0.262227546 -0.047604795
0.557753194 0.246225086 1.299668621
0.639384887 0.389212368 1.109432192
0.662951221 0.479148037 1.353113866
1.031324298 0.331181821 1.340131824
0.992324799 0.365245758 1.055376150
0.877321237 0.302797512 0.883987124
0.813884739 0.368688043 1.488675116
0.777011500 0.324280462 1.655038083
p 3
1.478102809 -1.095434033 0.021327913
1.454905291 -1.002548872 0.423560216
1.502171797 -0.996844795 0.825868601
1.481472538 -1.221287940 0.783714584
1.603826022 -1.208245908 0.366110913
1.679270142 -1.189678478 -0.005644224
1.587254618 -0.882053775 0.801297958
1.641202880 -0.955351630 1.081747310
1.599002312 -1.008851700 1.364958000
1.466709847 -1.308252938 1.345396197
1.465319787 -1.364189614 1.068281620
1.387634622 -1.364523175 0.809964332
1.453107889 -1.119784909 1.461795935
1.381862164 -1.072281241 1.562782861
frame 588
p 1
-0.098527062 0.018773907 -0.016157110
-0.044007020 0.020063223 0.358454986
-0.013020847 0.041323987 0.716618311
0.119623528 0.214753542 0.733535489
0.103295288 0.202285567 0.351468207
0.105529945 0.171506980 -0.036894404
0.435696408 -0.065405352 0.868307661
0.185306088 -0.071753329 1.011439634
0.005582491 -0.069766283 1.259619669
0.079741516 0.275222557 1.312714223
0.074315845 0.334928432 1.023012961
0.204228245 0.242719227 0.861576861
0.053240130 0.068974415 1.416954410
0.103326427 0.024655320 1.611088223
p 2
0.760803195 0.571204931 -0.017602665
0.746473335 0.471676246 0.412000009
0.690648567 0.432462424 0.771676571
0.925573829 0.273122608 0.752620326
0.968624549 0.228634562 0.380332123
0.989188710 0.243215434 -0.057230766
0.552599898 0.224751431 1.298505929
0.634493984 0.367578413 1.107985517
0.660200233 0.457282845 1.351711343
1.029266713 0.307415002 1.338737071
0.988519434 0.341981385 1.053730926
0.871475009 0.280222122 0.882524470
0.811770618 0.345919996 1.487425740
0.775356977 0.301493537 1.654086442
p 3
1.478102809 -1.095434033 0.021327913
1.454905291 -1.002548872 0.423560216
1.502171797 -0.996844795 0.825868601
1.481472538 -1.221287940 0.783714584
1.603826022 -1.208245908 0.366110913
1.679270142 -1.189678478 -0.005644224
1.597191013 -0.845128188 0.795301168
1.626615106 -0.943146388 1.094605435
1.588260251 -0.993835141 1.366991057
1.438806263 -1.276603272 1.363967093
1.465319787 -1.364189614 1.068281620
1.387634622 -1.364523175 0.809964332
1.426769823 -1.080206896 1.467139926
1.361272747 -1.036963200 1.562958367
frame 589
p 1
-0.098527062 0.018773907 -0.016157110
-0.044007020 0.020063223 0.358454986
-0.013020847 0.041323987 0.716618311
0.119623528 0.214753542 0.733535489
0.103295288 0.202285567 0.351468207
0.105529945 0.171506980 -0.036894404
0.448823491 -0.032094040 0.882476724
0.214110002 -0.079095476 1.018189105
0.005582491 -0.069766283 1.259619669
0.079741516 0.275222557 1.312714223
0.074315845 0.334928432 1.023012961
0.204228245 0.242719227 0.861576861
0.053240130 0.068974415 1.416954410
0.103326427 0.024655320 1.611088223
p 2
0.752815470 0.578484822 -0.007773464
0.771026588 0.439642680 0.398298434
0.744903765 0.398049854 0.761694833
0.951041831 0.233500755 0.745479094
1.012895605 0.209963812 0.360545210
0.982602580 0.255869466 -0.059823555
0.573395520 0.187121152 1.295340311
0.656443511 0.330695344 1.103299472
0.684409326 0.420293920 1.348493742
1.059097634 0.266221659 1.335364962
1.008031985 0.278773045 1.075630014
0.895495264 0.241288501 0.876289026
0.838224710 0.306712861 1.485247514
0.801807297 0.261846747 1.653287977
p 3
1.478102809 -1.095434033 0.021327913
1.454905291 -1.002548872 0.423560216
1.502171797 -0.996844795 0.825868601
1.481472538 -1.221287940 0.783714584
1.505706743 -1.214759803 0.356355974
1.694731995 -1.223102420 -0.001877140
1.597191013 -0.845128188 0.795301168
1.626615106 -0.943146388 1.094605435
1.588260251 -0.993835141 1.366991057
1.438806263 -1.276603272 1.363967093
1.465319787 -1.364189614 1.068281620
1.344084531 -1.341607191 0.799321390
1.426769823 -1.080206896 1.467139926
1.361272747 -1.036963200 1.562958367
frame 590
p 1
-0.098527062 0.018773907 -0.016157110
-0.044007020 0.020063223 0.358454986
-0.013020847 0.041323987 0.716618311
0.119623528 0.214753542 0.733535489
0.103295288 0.202285567 0.351468207
0.105529945 0.171506980 -0.036894404
0.448823491 -0.032094040 0.882476724
0.214110002 -0.079095476 1.018189105
0.005582491 -0.069766283 1.259619669
0.079741516 0.275222557 1.312714223
0.074315845 0.334928432 1.023012961
0.204228245 0.242719227 0.861576861
0.053240130 0.068974415 1.416954410
0.103326427 0.024655320 1.611088223
p 2
0.794901677 0.555885828 -0.011829337
0.757200684 0.417730204 0.402233371
0.746839856 0.373472429 0.767697049
0.963541976 0.217145313 0.740101922
0.983018568 0.198169483 0.355494080
0.995176227 0.239969249 -0.067922710
0.603064821 0.175093561 1.287599913
0.720714962 0.304553706 1.114369805
0.678937246 0.401391449 1.347798295
1.048743116 0.228912500 1.357668557
1.058936622 0.252121941 1.083865000
0.936107712 0.195676971 0.901843815
0.838254430 0.284820031 1.488311195
0.819662054 0.246854018 1.648896959
p 3
1.478102809 -1.095434033 0.021327913
1.454905291 -1.002548872 0.423560216
1.517910717 -1.003309715 0.800216301
1.481472538 -1.221287940 0.783714584
1.436720619 -1.226799099 0.368061118
1.642185034 -1.224347527 0.029281271
1.554094122 -0.840961714 0.804670232
1.597167251 -0.900818902 1.099900392
1.545681633 -0.942138824 1.383872344
1.371771503 -1.212632156 1.368592579
1.376485848 -1.286645501 1.082699540
1.302039377 -1.280051580 0.825570437
1.406717748 -1.054784921 1.475744647
1.329979298 -1.001436170 1.580220493
frame 591
p 1
-0.098527062 0.018773907 -0.016157110
-0.044007020 0.020063223 0.358454986
-0.013020847 0.041323987 0.716618311
0.119623528 0.214753542 0.733535489
0.103295288 0.202285567 0.351468207
0.105529945 0.171506980 -0.036894404
0.448823491 -0.032094040 0.882476724
0.214110002 -0.079095476 1.018189105
0.005582491 -0.069766283 1.259619669
0.079741516 0.275222557 1.312714223
0.074315845 0.334928432 1.023012961
0.204228245 0.242719227 0.861576861
0.053240130 0.068974415 1.416954410
0.103326427 0.024655320 1.611088223
p 2
0.823433646 0.516303080 -0.024040398
0.774291061 0.383437297 0.407237006
0.728344287 0.379217433 0.800083478
0.940416165 0.236873517 0.762485140
0.970012765 0.224205201 0.349363263
0.990398760 0.251614834 -0.073982433
0.613370751 0.159205164 1.284224885
0.732050614 0.288829377 1.110325886
0.690814427 0.385733248 1.344502574
1.064907546 0.208370747 1.358417945
1.070354361 0.222422341 1.095638338
0.833596785 0.167755671 0.915681996
0.859693346 0.271691348 1.481528784
0.829341565 0.228587603 1.648169721
p 3
1.478102809 -1.095434033 0.021327913
1.454905291 -1.002548872 0.423560216
1.506016470 -0.989537347 0.784377202
1.360623852 -1.189115028 0.796059379
1.340052133 -1.205230629 0.367453753
1.587820183 -1.225208133 0.059812456
1.554094122 -0.840961714 0.804670232
1.597167251 -0.900818902 1.099900392
1.545681633 -0.942138824 1.383872344
1.371771503 -1.212632156 1.368592579
1.361791342 -1.289790420 1.094706402
1.278432396 -1.234037914 0.828000832
1.406717748 -1.054784921 1.475744647
1.329979298 -1.001436170 1.580220493
frame 592
p 1
-0.098527062 0.018773907 -0.016157110
-0.044007020 0.020063223 0.358454986
-0.013020847 0.041323987 0.716618311
0.119623528 0.214753542 0.733535489
0.103295288 0.202285567 0.351468207
0.105529945 0.171506980 -0.036894404
0.478128728 -0.029231423 0.874262673
0.214110002 -0.079095476 1.018189105
0.037836647 -0.070896622 1.258752553
0.079741516 0.275222557 1.312714223
0.074315845 0.334928432 1.023012961
0.204228245 0.242719227 0.861576861
0.053240130 0.068974415 1.416954410
0.103326427 0.024655320 1.611088223
p 2
0.838449420 0.439180737 -0.037928865
0.785006968 0.368669576 0.401170960
0.764507700 0.355330133 0.804133976
1.008554492 0.200338052 0.776175489
0.965224780 0.203887152 0.350049095
0.998667567 0.222693055 -0.066706392
0.633508846 0.144119981 1.279980209
0.770881137 0.269526019 1.111229559
0.712244184 0.371254596 1.340474579
1.074769125 0.182239271 1.366864742
0.960464321 0.207167794 1.088662072
0.774799205 0.122168744 0.951942628
0.869548738 0.253316296 1.480645336
0.856882410 0.213430807 1.644871182
p 3
1.478102809 -1.095434033 0.021327913
1.454905291 -1.002548872 0.423560216
1.465661052 -0.980235623 0.787817940
1.337354033 -1.184241271 0.800427421
1.305431152 -1.220655743 0.407310037
1.516278170 -1.218265249 0.092089876
1.481447369 -0.826211262 0.809527563
1.597167251 -0.900818902 1.099900392
1.534302549 -0.932560399 1.371598266
1.371771503 -1.212632156 1.368592579
1.349739776 -1.292008289 1.104343139
1.278432396 -1.234037914 0.828000832
1.406717748 -1.054784921 1.475744647
1.329979298 -1.001436170 1.580220493
frame 593
p 1
-0.098527062 0.018773907 -0.016157110
-0.044007020 0.020063223 0.358454986
-0.013020847 0.041323987 0.716618311
0.119623528 0.214753542 0.733535489
0.103295288 0.202285567 0.351468207
0.105529945 0.171506980 -0.036894404
0.478128728 -0.029231423 0.874262673
0.214110002 -0.079095476 1.018189105
0.037836647 -0.070896622 1.258752553
0.079741516 0.275222557 1.312714223
0.074315845 0.334928432 1.023012961
0.204228245 0.242719227 0.861576861
0.073100968 0.067950339 1.418734916
0.095776922 0.025147695 1.610240399
p 2
0.867370017 0.359749914 -0.040291145
0.770234349 0.341032329 0.427156379
0.766757700 0.352282547 0.803137024
0.992602655 0.189362783 0.785792788
0.987021862 0.186716946 0.362108865
1.033888394 0.209424901 -0.065004264
0.658789761 0.140811845 1.280004493
0.783469006 0.258761364 1.120173729
0.753459930 0.362878159 1.351404317
1.030735316 0.165796587 1.384082478
0.963140121 0.203761275 1.087792970
0.701818896 0.096186835 0.988957586
0.852196446 0.238015681 1.474421999
0.907904621 0.173924323 1.626553603
p 3
1.478102809 -1.095434033 0.021327913
1.454905291 -1.002548872 0.423560216
1.460993696 -0.969667336 0.784998855
1.324106987 -1.156943110 0.798873291
1.301923423 -1.201342764 0.415057672
1.476056068 -1.232176539 0.082808970
1.481447369 -0.826211262 0.809527563
1.597167251 -0.900818902 1.099900392
1.534302549 -0.932560399 1.371598266
1.371771503 -1.212632156 1.368592579
1.349739776 -1.292008289 1.104343139
1.278432396 -1.234037914 0.828000832
1.406717748 -1.054784921 1.475744647
1.329979298 -1.001436170 1.580220493
frame 594
p 1
-0.098527062 0.018773907 -0.016157110
-0.044007020 0.020063223 0.358454986
-0.013020847 0.041323987 0.716618311
0.119623528 0.214753542 0.733535489
0.103295288 0.202285567 0.351468207
0.105529945 0.171506980 -0.036894404
0.478128728 -0.029231423 0.874262673
0.214110002 -0.079095476 1.018189105
0.037836647 -0.070896622 1.258752553
0.079741516 0.275222557 1.312714223
0.074315845 0.334928432 1.023012961
0.232207180 0.241447558 0.861757351
0.073100968 0.067950339 1.418734916
0.095776922 0.025147695 1.610240399
p 3
1.478102809 -1.095434033 0.021327913
1.454905291 -1.002548872 0.423560216
1.460993696 -0.969667336 0.784998855
1.324106987 -1.156943110 0.798873291
1.301923423 -1.201342764 0.415057672
1.443581365 -1.222012029 0.088389838
1.481447369 -0.826211262 0.809527563
1.597167251 -0.900818902 1.099900392
1.534302549 -0.932560399 1.371598266
1.334673263 -1.202514030 1.367880773
1.316341823 -1.281840772 1.104770195
1.230684354 -1.219481680 0.830679055
1.381921167 -1.014950494 1.477557083
1.283735384 -0.942207335 1.599652248
frame 595
p 1
-0.098527062 0.018773907 -0.016157110
-0.044007020 0.020063223 0.358454986
-0.013020847 0.041323987 0.716618311
0.119623528 0.214753542 0.733535489
0.103295288 0.202285567 0.351468207
0.105529945 0.171506980 -0.036894404
0.478128728 -0.029231423 0.874262673
0.214110002 -0.079095476 1.018189105
0.037836647 -0.070896622 1.258752553
0.079741516 0.275222557 1.312714223
0.074315845 0.334928432 1.023012961
0.232207180 0.241447558 0.861757351
0.073100968 0.067950339 1.418734916
0.095776922 0.025147695 1.610240399
p 3
1.478102809 -1.095434033 0.021327913
1.449861196 -0.984911260 0.412125518
1.452595167 -0.966989155 0.784572204
1.315691746 -1.153891634 0.798449591
1.388185515 -1.198341649 0.379596192
1.477702472 -1.241127044 0.021016417
1.473261411 -0.823828352 0.809030436
1.589060618 -0.898460588 1.098982324
1.526557555 -0.930267176 1.370342930
1.326833632 -1.199691534 1.366622359
1.308148158 -1.278730264 1.103863481
1.222422315 -1.216349631 0.830186135
1.374448706 -1.012580487 1.476184314
1.276615952 -0.940003008 1.598160962
frame 596
p 1
-0.098527062 0.018773907 -0.016157110
-0.044007020 0.020063223 0.358454986
0.025574260 0.045387902 0.705002832
0.126340676 0.219775104 0.726888678
0.103295288 0.202285567 0.351468207
0.105529945 0.171506980 -0.036894404
0.478128728 -0.029231423 0.874262673
0.214110002 -0.079095476 1.018189105
0.037836647 -0.070896622 1.258752553
0.079741516 0.275222557 1.312714223
0.074315845 0.334928432 1.023012961
0.232207180 0.241447558 0.861757351
0.087363843 0.045495653 1.405784629
0.148412087 -0.057683216 1.567878972
p 3
1.478102809 -1.095434033 0.021327913
1.449861196 -0.984911260 0.412125518
1.435249103 -0.964145527 0.787790625
1.310840494 -1.147615029 0.791321341
1.388185515 -1.198341649 0.379596192
1.407974360 -1.213833354 0.025721076
1.456559636 -0.821666581 0.811938665
1.572224276 -0.896040698 1.101087269
1.510623974 -0.927899325 1.371629705
1.310995217 -1.196390423 1.367981891
1.291396938 -1.274855660 1.106100393
1.205557327 -1.212581699 0.833283188
1.359102880 -1.009948108 1.477192904
1.262361572 -0.937848107 1.598780426
frame 597
p 1
-0.098527062 0.018773907 -0.016157110
-0.044007020 0.020063223 0.358454986
0.025574260 0.045387902 0.705002832
0.126340676 0.219775104 0.726888678
0.103295288 0.202285567 0.351468207
0.105529945 0.171506980 -0.036894404
0.478128728 -0.029231423 0.874262673
0.214110002 -0.079095476 1.018189105
0.018738275 -0.070393554 1.259511921
0.079741516 0.275222557 1.312714223
0.110802936 0.332161174 1.027597551
0.232207180 0.241447558 0.861757351
0.088442251 0.039197774 1.408971041
0.152672555 -0.080747258 1.579956912
p 3
1.472557152 -1.088053012 0.014614086
1.425193289 -0.971174735 0.403955685
1.420427997 -0.968402384 0.793967108
1.293780635 -1.146831267 0.792040666
1.388185515 -1.198341649 0.379596192
1.395163596 -1.197510545 0.010351505
1.440528862 -0.822421953 0.812261268
1.556514209 -0.896932175 1.100660957
1.495760487 -0.928882188 1.370569248
1.295591520 -1.196155082 1.367004127
1.274984418 -1.273966385 1.105859713
1.188821287 -1.211545959 0.833840910
1.344609349 -1.010600789 1.475940040
1.248721154 -0.938790358 1.597252627
frame 598
p 1
-0.098527062 0.018773907 -0.016157110
-0.044007020 0.020063223 0.358454986
0.025574260 0.045387902 0.705002832
0.126340676 0.219775104 0.726888678
0.103295288 0.202285567 0.351468207
0.105529945 0.171506980 -0.036894404
0.478128728 -0.029231423 0.874262673
0.214110002 -0.079095476 1.018189105
0.018738275 -0.070393554 1.259511921
0.079741516 0.275222557 1.312714223
0.110802936 0.332161174 1.027597551
0.232207180 0.241447558 0.861757351
0.053486895 0.037811714 1.410923414
0.077885767 -0.076526631 1.574549520
p 3
1.472557152 -1.088053012 0.014614086
1.425193289 -0.971174735 0.403955685
1.425579929 -0.965590855 0.785215236
1.274570515 -1.144258690 0.795721207
1.329660596 -1.168698114 0.369694494
1.395163596 -1.197510545 0.010351505
1.481494059 -0.839756504 0.820707496
1.540706391 -0.897621069 1.104763628
1.480718015 -0.929600868 1.373870374
1.280375340 -1.195790821 1.370296289
1.216610693 -1.253590838 1.099846996
1.156785150 -1.201955369 0.833726559
1.330071607 -1.011018113 1.478904120
1.234982612 -0.939479018 1.599802735
frame 599
frame 600
